RAM,Front Camera,Back Camera,Battery Capacity,Screen Size,Launched Price (USA),ROM,Company_Apple,Company_Honor,Company_Oppo,Company_Other,Company_Samsung,Company_Vivo,Processor_vec1,Processor_vec2,Processor_vec3,Cluster
6,12.0,48.0,3.6,6.1,799.0,2.0,1,0,0,0,0,0,-0.1053887425946709,-0.7102951547182604,-0.2983908407801599,0
6,12.0,48.0,3.6,6.1,849.0,4.0,1,0,0,0,0,0,-0.1053887425946709,-0.7102951547182604,-0.2983908407801599,0
6,12.0,48.0,3.6,6.1,899.0,8.0,1,0,0,0,0,0,-0.1053887425946709,-0.7102951547182604,-0.2983908407801599,0
6,12.0,48.0,4.2,6.7,899.0,2.0,1,0,0,0,0,0,-0.1053887425946709,-0.7102951547182604,-0.2983908407801599,0
6,12.0,48.0,4.2,6.7,949.0,4.0,1,0,0,0,0,0,-0.1053887425946709,-0.7102951547182604,-0.2983908407801599,0
4,12.0,12.0,2.438,5.4,799.0,4.0,1,0,0,0,0,0,-0.0942687895475548,-0.558327242690244,-0.2231099207527903,0
4,12.0,12.0,2.438,5.4,899.0,8.0,1,0,0,0,0,0,-0.0942687895475548,-0.558327242690244,-0.2231099207527903,0
4,12.0,12.0,3.24,6.1,799.0,2.0,1,0,0,0,0,0,-0.0942687895475548,-0.558327242690244,-0.2231099207527903,0
4,12.0,12.0,3.24,6.1,899.0,4.0,1,0,0,0,0,0,-0.0942687895475548,-0.558327242690244,-0.2231099207527903,0
4,12.0,12.0,3.24,6.1,999.0,8.0,1,0,0,0,0,0,-0.0942687895475548,-0.558327242690244,-0.2231099207527903,0
6,12.0,12.0,3.095,6.1,999.0,2.0,1,0,0,0,0,0,-0.0942687895475548,-0.558327242690244,-0.2231099207527903,0
6,12.0,12.0,3.095,6.1,1099.0,4.0,1,0,0,0,0,0,-0.0942687895475548,-0.558327242690244,-0.2231099207527903,0
6,12.0,12.0,3.095,6.1,1199.0,8.0,1,0,0,0,0,0,-0.0942687895475548,-0.558327242690244,-0.2231099207527903,0
6,12.0,12.0,4.352,6.7,1099.0,2.0,1,0,0,0,0,0,-0.0942687895475548,-0.558327242690244,-0.2231099207527903,0
6,12.0,12.0,4.352,6.7,1199.0,4.0,1,0,0,0,0,0,-0.0942687895475548,-0.558327242690244,-0.2231099207527903,0
6,12.0,12.0,4.352,6.7,1399.0,8.0,1,0,0,0,0,0,-0.0942687895475548,-0.558327242690244,-0.2231099207527903,0
4,12.0,12.0,2.227,5.4,699.0,1.0,1,0,0,0,0,0,-0.09201977163919,-0.5285318602007915,-0.2085321478781482,0
4,12.0,12.0,2.227,5.4,799.0,2.0,1,0,0,0,0,0,-0.09201977163919,-0.5285318602007915,-0.2085321478781482,0
4,12.0,12.0,2.227,5.4,899.0,4.0,1,0,0,0,0,0,-0.09201977163919,-0.5285318602007915,-0.2085321478781482,0
4,12.0,12.0,2.815,6.1,799.0,1.0,1,0,0,0,0,0,-0.09201977163919,-0.5285318602007915,-0.2085321478781482,0
4,12.0,12.0,2.815,6.1,899.0,2.0,1,0,0,0,0,0,-0.09201977163919,-0.5285318602007915,-0.2085321478781482,0
4,12.0,12.0,2.815,6.1,999.0,4.0,1,0,0,0,0,0,-0.09201977163919,-0.5285318602007915,-0.2085321478781482,0
6,12.0,12.0,2.815,6.1,999.0,2.0,1,0,0,0,0,0,-0.09201977163919,-0.5285318602007915,-0.2085321478781482,0
6,12.0,12.0,2.815,6.1,1099.0,4.0,1,0,0,0,0,0,-0.09201977163919,-0.5285318602007915,-0.2085321478781482,0
6,12.0,12.0,2.815,6.1,1199.0,8.0,1,0,0,0,0,0,-0.09201977163919,-0.5285318602007915,-0.2085321478781482,0
6,12.0,12.0,3.687,6.7,1099.0,2.0,1,0,0,0,0,0,-0.09201977163919,-0.5285318602007915,-0.2085321478781482,0
6,12.0,12.0,3.687,6.7,1199.0,4.0,1,0,0,0,0,0,-0.09201977163919,-0.5285318602007915,-0.2085321478781482,0
6,12.0,12.0,3.687,6.7,1399.0,8.0,1,0,0,0,0,0,-0.09201977163919,-0.5285318602007915,-0.2085321478781482,0
4,12.0,12.0,3.11,6.1,699.0,1.0,1,0,0,0,0,0,-0.1053887425946709,-0.7102951547182604,-0.2983908407801599,0
4,12.0,12.0,3.11,6.1,799.0,2.0,1,0,0,0,0,0,-0.1053887425946709,-0.7102951547182604,-0.2983908407801599,0
4,12.0,12.0,3.11,6.1,899.0,4.0,1,0,0,0,0,0,-0.1053887425946709,-0.7102951547182604,-0.2983908407801599,0
4,12.0,12.0,3.046,5.8,999.0,1.0,1,0,0,0,0,0,-0.1053887425946709,-0.7102951547182604,-0.2983908407801599,0
4,12.0,12.0,3.046,5.8,1099.0,4.0,1,0,0,0,0,0,-0.1053887425946709,-0.7102951547182604,-0.2983908407801599,0
4,12.0,12.0,3.046,5.8,1199.0,8.0,1,0,0,0,0,0,-0.1053887425946709,-0.7102951547182604,-0.2983908407801599,0
4,12.0,12.0,3.969,6.5,1099.0,1.0,1,0,0,0,0,0,-0.1053887425946709,-0.7102951547182604,-0.2983908407801599,0
4,12.0,12.0,3.969,6.5,1199.0,4.0,1,0,0,0,0,0,-0.1053887425946709,-0.7102951547182604,-0.2983908407801599,0
4,12.0,12.0,3.969,6.5,1399.0,8.0,1,0,0,0,0,0,-0.1053887425946709,-0.7102951547182604,-0.2983908407801599,0
3,7.0,12.0,2.716,5.8,999.0,1.0,1,0,0,0,0,0,-0.1053887425946709,-0.7102951547182604,-0.2983908407801599,0
3,7.0,12.0,2.716,5.8,1099.0,4.0,1,0,0,0,0,0,-0.1053887425946709,-0.7102951547182604,-0.2983908407801599,0
4,7.0,12.0,2.658,5.8,999.0,1.0,1,0,0,0,0,0,-0.1053887425946709,-0.7102951547182604,-0.2983908407801599,0
4,7.0,12.0,2.658,5.8,1099.0,4.0,1,0,0,0,0,0,-0.1053887425946709,-0.7102951547182604,-0.2983908407801599,0
4,7.0,12.0,2.658,5.8,1299.0,8.0,1,0,0,0,0,0,-0.1053887425946709,-0.7102951547182604,-0.2983908407801599,0
4,7.0,12.0,3.174,6.5,1099.0,1.0,1,0,0,0,0,0,-0.1053887425946709,-0.7102951547182604,-0.2983908407801599,0
4,7.0,12.0,3.174,6.5,1249.0,4.0,1,0,0,0,0,0,-0.1053887425946709,-0.7102951547182604,-0.2983908407801599,0
4,7.0,12.0,3.174,6.5,1399.0,8.0,1,0,0,0,0,0,-0.1053887425946709,-0.7102951547182604,-0.2983908407801599,0
3,7.0,12.0,2.942,6.1,749.0,1.0,1,0,0,0,0,0,-0.1053887425946709,-0.7102951547182604,-0.2983908407801599,0
3,7.0,12.0,2.942,6.1,799.0,2.0,1,0,0,0,0,0,-0.1053887425946709,-0.7102951547182604,-0.2983908407801599,0
3,7.0,12.0,2.942,6.1,899.0,4.0,1,0,0,0,0,0,-0.1053887425946709,-0.7102951547182604,-0.2983908407801599,0
4,12.0,12.0,7.608,10.9,599.0,1.0,1,0,0,0,0,0,-0.09201977163919,-0.5285318602007915,-0.2085321478781482,0
4,12.0,12.0,7.608,10.9,749.0,4.0,1,0,0,0,0,0,-0.09201977163919,-0.5285318602007915,-0.2085321478781482,0
3,12.0,8.0,8.612,10.2,329.0,0.5,1,0,0,0,0,0,-0.1053887425946709,-0.7102951547182604,-0.2983908407801599,0
3,12.0,8.0,8.612,10.2,429.0,2.0,1,0,0,0,0,0,-0.1053887425946709,-0.7102951547182604,-0.2983908407801599,0
3,7.0,8.0,5.124,7.9,399.0,1.0,1,0,0,0,0,0,-0.1053887425946709,-0.7102951547182604,-0.2983908407801599,0
3,7.0,8.0,5.124,7.9,499.0,4.0,1,0,0,0,0,0,-0.1053887425946709,-0.7102951547182604,-0.2983908407801599,0
4,7.0,12.0,7.812,11.0,799.0,2.0,1,0,0,0,0,0,-0.1053887425946709,-0.7102951547182604,-0.2983908407801599,0
4,7.0,12.0,7.812,11.0,899.0,4.0,1,0,0,0,0,0,-0.1053887425946709,-0.7102951547182604,-0.2983908407801599,0
6,7.0,12.0,7.812,11.0,1099.0,8.0,1,0,0,0,0,0,-0.1053887425946709,-0.7102951547182604,-0.2983908407801599,0
6,7.0,12.0,9.72,12.9,999.0,2.0,1,0,0,0,0,0,-0.1053887425946709,-0.7102951547182604,-0.2983908407801599,0
6,7.0,12.0,9.72,12.9,1099.0,4.0,1,0,0,0,0,0,-0.1053887425946709,-0.7102951547182604,-0.2983908407801599,0
6,7.0,12.0,9.72,12.9,1299.0,8.0,1,0,0,0,0,0,-0.1053887425946709,-0.7102951547182604,-0.2983908407801599,0
6,7.0,12.0,10.307,13.0,1099.0,2.0,1,0,0,0,0,0,-0.1053887425946709,-0.7102951547182604,-0.2983908407801599,0
6,7.0,12.0,10.307,13.0,1199.0,4.0,1,0,0,0,0,0,-0.1053887425946709,-0.7102951547182604,-0.2983908407801599,0
6,7.0,12.0,10.307,13.0,1399.0,8.0,1,0,0,0,0,0,-0.1053887425946709,-0.7102951547182604,-0.2983908407801599,0
6,7.0,12.0,10.307,13.0,1599.0,16.0,1,0,0,0,0,0,-0.1053887425946709,-0.7102951547182604,-0.2983908407801599,0
6,7.0,12.0,10.307,13.0,1799.0,32.0,1,0,0,0,0,0,-0.1053887425946709,-0.7102951547182604,-0.2983908407801599,0
6,12.0,48.0,3.2,6.1,799.0,2.0,1,0,0,0,0,0,-0.0942687895475548,-0.558327242690244,-0.2231099207527903,0
6,12.0,48.0,3.2,6.1,849.0,4.0,1,0,0,0,0,0,-0.0942687895475548,-0.558327242690244,-0.2231099207527903,0
6,12.0,48.0,3.2,6.1,949.0,8.0,1,0,0,0,0,0,-0.0942687895475548,-0.558327242690244,-0.2231099207527903,0
6,12.0,48.0,4.3,6.7,899.0,2.0,1,0,0,0,0,0,-0.0942687895475548,-0.558327242690244,-0.2231099207527903,0
6,12.0,48.0,4.3,6.7,999.0,4.0,1,0,0,0,0,0,-0.0942687895475548,-0.558327242690244,-0.2231099207527903,0
6,12.0,48.0,4.2,6.7,999.0,8.0,1,0,0,0,0,0,-0.1053887425946709,-0.7102951547182604,-0.2983908407801599,0
6,12.0,50.0,4.4,6.1,999.0,2.0,1,0,0,0,0,0,-0.0643726586945279,-0.1751780461665251,-0.0377845952467536,0
8,12.0,50.0,4.4,6.1,1049.0,4.0,1,0,0,0,0,0,-0.0643726586945279,-0.1751780461665251,-0.0377845952467536,0
8,12.0,50.0,4.4,6.1,1099.0,8.0,1,0,0,0,0,0,-0.0643726586945279,-0.1751780461665251,-0.0377845952467536,0
6,12.0,48.0,4.5,6.7,1099.0,2.0,1,0,0,0,0,0,-0.0643726586945279,-0.1751780461665251,-0.0377845952467536,0
8,12.0,48.0,4.5,6.7,1199.0,4.0,1,0,0,0,0,0,-0.0643726586945279,-0.1751780461665251,-0.0377845952467536,0
8,12.0,48.0,4.5,6.7,1299.0,8.0,1,0,0,0,0,0,-0.0643726586945279,-0.1751780461665251,-0.0377845952467536,0
6,12.0,12.0,4.325,6.7,999.0,4.0,1,0,0,0,0,0,-0.0942687895475548,-0.558327242690244,-0.2231099207527903,0
6,12.0,12.0,4.325,6.7,1049.0,8.0,1,0,0,0,0,0,-0.0942687895475548,-0.558327242690244,-0.2231099207527903,0
6,12.0,48.0,4.2,6.1,1099.0,2.0,1,0,0,0,0,0,-0.0942687895475548,-0.558327242690244,-0.2231099207527903,0
8,12.0,48.0,4.2,6.1,1199.0,4.0,1,0,0,0,0,0,-0.0942687895475548,-0.558327242690244,-0.2231099207527903,0
8,12.0,48.0,4.2,6.1,1299.0,8.0,1,0,0,0,0,0,-0.0942687895475548,-0.558327242690244,-0.2231099207527903,0
6,12.0,48.0,4.5,6.7,1199.0,2.0,1,0,0,0,0,0,-0.0942687895475548,-0.558327242690244,-0.2231099207527903,0
8,12.0,48.0,4.5,6.7,1299.0,4.0,1,0,0,0,0,0,-0.0942687895475548,-0.558327242690244,-0.2231099207527903,0
8,12.0,48.0,4.5,6.7,1399.0,8.0,1,0,0,0,0,0,-0.0942687895475548,-0.558327242690244,-0.2231099207527903,0
4,12.0,12.0,2.438,5.4,699.0,2.0,1,0,0,0,0,0,-0.0942687895475548,-0.558327242690244,-0.2231099207527903,0
6,12.0,48.0,4.3,6.7,1049.0,8.0,1,0,0,0,0,0,-0.0942687895475548,-0.558327242690244,-0.2231099207527903,0
6,12.0,48.0,4.4,6.1,1099.0,2.0,1,0,0,0,0,0,-0.0942687895475548,-0.558327242690244,-0.2231099207527903,0
8,12.0,48.0,4.4,6.1,1199.0,4.0,1,0,0,0,0,0,-0.0942687895475548,-0.558327242690244,-0.2231099207527903,0
8,12.0,48.0,4.4,6.1,1299.0,8.0,1,0,0,0,0,0,-0.0942687895475548,-0.558327242690244,-0.2231099207527903,0
6,12.0,48.0,4.5,6.7,1199.0,2.0,1,0,0,0,0,0,-0.0942687895475548,-0.558327242690244,-0.2231099207527903,0
8,12.0,48.0,4.5,6.7,1299.0,4.0,1,0,0,0,0,0,-0.0942687895475548,-0.558327242690244,-0.2231099207527903,0
8,12.0,48.0,4.5,6.7,1399.0,8.0,1,0,0,0,0,0,-0.0942687895475548,-0.558327242690244,-0.2231099207527903,0
6,12.0,12.0,3.2,6.1,799.0,2.0,1,0,0,0,0,0,-0.0942687895475548,-0.558327242690244,-0.2231099207527903,0
6,12.0,12.0,3.2,6.1,849.0,4.0,1,0,0,0,0,0,-0.0942687895475548,-0.558327242690244,-0.2231099207527903,0
6,12.0,12.0,3.2,6.1,949.0,8.0,1,0,0,0,0,0,-0.0942687895475548,-0.558327242690244,-0.2231099207527903,0
6,12.0,12.0,4.325,6.7,899.0,2.0,1,0,0,0,0,0,-0.0942687895475548,-0.558327242690244,-0.2231099207527903,0
12,10.0,50.0,4.4,7.6,1719.0,8.0,0,0,0,0,1,0,0.6284119102491342,0.2423707647191008,0.0513083769009827,1
12,10.0,50.0,4.4,7.6,1899.0,4.0,0,0,0,0,1,0,0.6284119102491342,0.2423707647191008,0.0513083769009827,1
8,20.0,108.0,6.0,6.67,399.0,4.0,0,0,0,1,0,0,-0.6504965310424556,0.4572659825580791,-0.1759989308699978,1
8,20.0,108.0,5.16,6.67,549.0,4.0,0,0,0,1,0,0,0.6284119102491342,0.2423707647191008,0.0513083769009827,1
8,20.0,108.0,5.0,6.67,399.0,4.0,0,0,0,1,0,0,-0.6504965310424556,0.4572659825580791,-0.1759989308699978,1
12,12.0,50.0,5.5,6.81,1299.0,2.0,0,1,0,0,0,0,0.5992108286198022,0.1823648629787209,0.0309190883881871,1
8,12.0,50.0,5.2,6.81,1099.0,2.0,0,1,0,0,0,0,0.5992108286198022,0.1823648629787209,0.0309190883881871,1
8,32.0,64.0,4.6,6.67,399.0,2.0,0,1,0,0,0,0,-0.4058897902889868,0.1886617204774248,-0.1421812509209951,1
12,50.0,160.0,4.8,6.78,799.0,2.0,0,1,0,0,0,0,0.5992108286198022,0.1823648629787209,0.0309190883881871,1
8,32.0,108.0,6.0,6.7,399.0,4.0,0,0,0,0,1,0,-0.0892111184731423,-0.4039021293559294,-0.1139592202997599,1
8,32.0,108.0,6.0,6.7,349.0,2.0,0,0,0,0,1,0,-0.0892111184731423,-0.4039021293559294,-0.1139592202997599,1
6,32.0,50.0,5.0,6.4,449.0,4.0,0,0,0,0,1,0,-0.0892111184731423,-0.4039021293559294,-0.1139592202997599,1
12,16.0,50.0,5.0,7.92,1899.0,2.0,0,1,0,0,0,0,0.5992108286198022,0.1823648629787209,0.0309190883881871,1
16,12.0,50.0,5.55,6.81,1499.0,2.0,0,1,0,0,0,0,0.5992108286198022,0.1823648629787209,0.0309190883881871,1
12,12.0,50.0,5.5,6.81,1299.0,2.0,0,1,0,0,0,0,0.5992108286198022,0.1823648629787209,0.0309190883881871,1
8,12.0,50.0,5.2,6.81,1099.0,2.0,0,1,0,0,0,0,0.5992108286198022,0.1823648629787209,0.0309190883881871,1
16,12.0,16.0,10.5,13.2,899.0,2.0,0,1,0,0,0,0,0.5992108286198022,0.1823648629787209,0.0309190883881871,1
8,10.0,12.0,3.7,6.7,1099.0,8.0,0,0,0,0,1,0,0.6284119102491342,0.2423707647191008,0.0513083769009827,1
8,10.0,12.0,3.7,6.7,999.0,4.0,0,0,0,0,1,0,0.6284119102491342,0.2423707647191008,0.0513083769009827,1
12,10.0,50.0,4.4,7.6,1899.0,8.0,0,0,0,0,1,0,0.6284119102491342,0.2423707647191008,0.0513083769009827,1
12,10.0,50.0,4.4,7.6,1799.0,4.0,0,0,0,0,1,0,0.6284119102491342,0.2423707647191008,0.0513083769009827,1
12,16.0,50.0,5.0,7.9,1699.0,2.0,0,1,0,0,0,0,0.5992108286198022,0.1823648629787209,0.0309190883881871,1
16,12.0,50.0,5.45,6.81,1399.0,2.0,0,1,0,0,0,0,0.5992108286198022,0.1823648629787209,0.0309190883881871,1
12,12.0,50.0,5.1,6.81,1199.0,2.0,0,1,0,0,0,0,0.5992108286198022,0.1823648629787209,0.0309190883881871,1
8,12.0,50.0,5.1,6.81,999.0,2.0,0,1,0,0,0,0,0.5992108286198022,0.1823648629787209,0.0309190883881871,1
12,50.0,54.0,4.5,6.78,799.0,2.0,0,1,0,0,0,0,-0.4013013722895371,0.1828504902929748,-0.1333775665862674,1
8,50.0,54.0,4.5,6.78,699.0,2.0,0,1,0,0,0,0,-0.6504965310424556,0.4572659825580791,-0.1759989308699978,1
8,32.0,54.0,4.8,6.67,549.0,2.0,0,1,0,0,0,0,0.2696206464588846,-0.0509685214460873,-0.0226935712863592,1
12,42.0,50.0,4.75,7.9,1799.0,2.0,0,1,0,0,0,0,0.5992108286198022,0.1823648629787209,0.0309190883881871,1
12,12.0,50.0,4.6,6.81,1299.0,2.0,0,1,0,0,0,0,0.5992108286198022,0.1823648629787209,0.0309190883881871,1
8,12.0,50.0,4.6,6.81,1099.0,2.0,0,1,0,0,0,0,0.5992108286198022,0.1823648629787209,0.0309190883881871,1
8,12.0,50.0,4.8,6.81,899.0,2.0,0,1,0,0,0,0,0.5992108286198022,0.1823648629787209,0.0309190883881871,1
8,32.0,64.0,4.6,6.67,399.0,2.0,0,1,0,0,0,0,-0.4058897902889868,0.1886617204774248,-0.1421812509209951,1
12,50.0,200.0,5.0,6.78,699.0,2.0,0,1,0,0,0,0,0.5992108286198022,0.1823648629787209,0.0309190883881871,1
12,50.0,200.0,5.0,6.7,599.0,2.0,0,1,0,0,0,0,0.5992108286198022,0.1823648629787209,0.0309190883881871,1
12,16.0,50.0,5.0,7.92,1899.0,2.0,0,1,0,0,0,0,0.5992108286198022,0.1823648629787209,0.0309190883881871,1
16,12.0,50.0,5.55,6.81,1499.0,2.0,0,1,0,0,0,0,0.5992108286198022,0.1823648629787209,0.0309190883881871,1
8,13.0,50.0,4.6,6.76,899.0,2.0,0,1,0,0,0,0,0.2546028901471709,-0.0537152148128646,-0.0224114381551221,1
8,16.0,108.0,4.0,6.78,449.0,2.0,0,1,0,0,0,0,-0.4058897902889868,0.1886617204774248,-0.1421812509209951,1
12,12.0,13.0,11.2,14.6,1099.0,4.0,0,0,0,0,1,0,0.6284119102491342,0.2423707647191008,0.0513083769009827,1
12,12.0,13.0,10.09,12.4,999.0,4.0,0,0,0,0,1,0,0.6284119102491342,0.2423707647191008,0.0513083769009827,1
12,12.0,13.0,11.2,14.6,1199.0,4.0,0,0,0,0,1,0,0.6284119102491342,0.2423707647191008,0.0513083769009827,1
12,10.0,108.0,4.5,7.6,1399.0,4.0,0,0,0,0,1,0,0.1742220738172441,-0.0769565423031832,-0.0225399128846429,1
12,10.0,108.0,4.5,7.6,1499.0,4.0,0,0,0,0,1,0,0.1742220738172441,-0.0769565423031832,-0.0225399128846429,1
12,10.0,12.0,4.3,6.8,1199.0,8.0,0,0,0,0,1,0,-0.0892111184731423,-0.4039021293559294,-0.1139592202997599,1
12,10.0,12.0,4.3,6.8,1099.0,4.0,0,0,0,0,1,0,-0.0892111184731423,-0.4039021293559294,-0.1139592202997599,1
8,10.0,108.0,4.3,6.7,1099.0,4.0,0,0,0,0,1,0,-0.0892111184731423,-0.4039021293559294,-0.1139592202997599,1
8,10.0,108.0,4.3,6.7,999.0,2.0,0,0,0,0,1,0,-0.0892111184731423,-0.4039021293559294,-0.1139592202997599,1
12,10.0,108.0,4.5,6.9,1399.0,4.0,0,0,0,0,1,0,-0.0892111184731423,-0.4039021293559294,-0.1139592202997599,1
12,10.0,108.0,4.5,6.9,1299.0,2.0,0,0,0,0,1,0,-0.0892111184731423,-0.4039021293559294,-0.1139592202997599,1
8,32.0,108.0,6.0,6.7,399.0,4.0,0,0,0,0,1,0,-0.0892111184731423,-0.4039021293559294,-0.1139592202997599,1
8,32.0,108.0,6.0,6.7,349.0,2.0,0,0,0,0,1,0,-0.0892111184731423,-0.4039021293559294,-0.1139592202997599,1
8,32.0,160.0,4.8,6.67,549.0,2.0,0,1,0,0,0,0,0.4586492061013163,0.0509748913721046,-0.0048436537573316,1
8,32.0,108.0,4.5,6.7,399.0,2.0,0,0,0,1,0,0,0.2696206464588846,-0.0509685214460873,-0.0226935712863592,1
12,16.0,50.0,5.0,6.74,499.0,4.0,0,0,0,1,0,0,-0.4013013722895371,0.1828504902929748,-0.1333775665862674,1
12,16.0,50.0,5.0,6.7,599.0,4.0,0,0,0,1,0,0,0.6284119102491342,0.2423707647191008,0.0513083769009827,1
12,16.0,50.0,5.0,6.7,699.0,4.0,0,0,0,1,0,0,0.6284119102491342,0.2423707647191008,0.0513083769009827,1
12,16.0,50.0,4.5,6.7,699.0,4.0,0,0,0,1,0,0,0.6284119102491342,0.2423707647191008,0.0513083769009827,1
12,32.0,50.0,5.0,6.7,799.0,4.0,0,0,0,1,0,0,0.6284119102491342,0.2423707647191008,0.0513083769009827,1
8,32.0,108.0,4.0,6.72,649.0,2.0,0,1,0,0,0,0,0.2696206464588846,-0.0509685214460873,-0.0226935712863592,1
8,32.0,108.0,4.3,6.57,549.0,2.0,0,1,0,0,0,0,0.2696206464588846,-0.0509685214460873,-0.0226935712863592,1
8,32.0,40.0,4.2,6.57,549.0,2.0,0,1,0,0,0,0,-0.0709058458011283,-0.2528936107733146,-0.0600929088895568,1
12,32.0,50.0,4.0,6.57,699.0,2.0,0,1,0,0,0,0,-0.0709058458011283,-0.2528936107733146,-0.0600929088895568,1
8,32.0,50.0,4.0,6.57,599.0,2.0,0,1,0,0,0,0,-0.0709058458011283,-0.2528936107733146,-0.0600929088895568,1
8,32.0,40.0,4.0,6.53,449.0,2.0,0,1,0,0,0,0,-0.0709058458011283,-0.2528936107733146,-0.0600929088895568,1
8,50.0,108.0,4.8,6.78,649.0,2.0,0,1,0,0,0,0,0.2696206464588846,-0.0509685214460873,-0.0226935712863592,1
8,32.0,108.0,4.8,6.67,549.0,2.0,0,1,0,0,0,0,0.2696206464588846,-0.0509685214460873,-0.0226935712863592,1
12,13.0,50.0,4.6,6.76,1299.0,2.0,0,1,0,0,0,0,0.2546028901471709,-0.0537152148128646,-0.0224114381551221,1
8,13.0,50.0,4.6,6.76,1099.0,2.0,0,1,0,0,0,0,0.2546028901471709,-0.0537152148128646,-0.0224114381551221,1
12,16.0,48.0,4.5,6.7,699.0,4.0,0,0,0,1,0,0,0.1742220738172441,-0.0769565423031832,-0.0225399128846429,1
12,16.0,50.0,4.5,6.7,749.0,4.0,0,0,0,1,0,0,0.6284119102491342,0.2423707647191008,0.0513083769009827,1
12,32.0,50.0,5.0,6.7,899.0,4.0,0,0,0,1,0,0,0.6284119102491342,0.2423707647191008,0.0513083769009827,1
16,32.0,48.0,4.8,7.8,1099.0,4.0,0,0,0,1,0,0,0.6284119102491342,0.2423707647191008,0.0513083769009827,1
12,50.0,108.0,5.0,6.78,379.0,2.0,0,0,0,1,0,0,-0.403869282934869,0.1880043670405702,-0.1307088968899231,1
12,50.0,108.0,5.0,6.78,349.0,2.0,0,0,0,1,0,0,-0.403869282934869,0.1880043670405702,-0.1307088968899231,1
12,32.0,108.0,5.5,6.9,449.0,2.0,0,0,0,1,0,0,-0.4028211876940958,0.1862158114445372,-0.1343454810887507,1
12,32.0,108.0,5.3,6.8,399.0,2.0,0,0,0,1,0,0,-0.4013013722895371,0.1828504902929748,-0.1333775665862674,1
8,32.0,108.0,5.2,6.8,319.0,2.0,0,0,0,1,0,0,-0.6504965310424556,0.4572659825580791,-0.1759989308699978,1
8,32.0,108.0,5.2,6.8,349.0,2.0,0,0,0,1,0,0,-0.6504965310424556,0.4572659825580791,-0.1759989308699978,1
12,32.0,108.0,5.5,6.9,449.0,2.0,0,0,0,1,0,0,-0.403869282934869,0.1880043670405702,-0.1307088968899231,1
12,32.0,108.0,5.3,6.9,379.0,2.0,0,0,0,1,0,0,-0.4028211876940958,0.1862158114445372,-0.1343454810887507,1
8,32.0,108.0,5.0,6.67,399.0,4.0,0,0,0,1,0,0,-0.6504965310424556,0.4572659825580791,-0.1759989308699978,1
12,50.0,108.0,5.0,6.78,379.0,4.0,0,0,0,1,0,0,-0.6504965310424556,0.4572659825580791,-0.1759989308699978,1
8,50.0,108.0,5.0,6.78,349.0,4.0,0,0,0,1,0,0,-0.6504965310424556,0.4572659825580791,-0.1759989308699978,1
12,32.0,108.0,5.0,6.78,329.0,2.0,0,0,0,1,0,0,-0.6504965310424556,0.4572659825580791,-0.1759989308699978,1
10,16.0,20.0,3.7,6.41,799.0,4.0,0,0,0,1,0,0,0.5578698922083575,0.1326503831363568,0.0170373889153493,1
8,32.0,50.0,4.5,6.43,399.0,2.0,0,0,0,1,0,0,-0.4064153291580947,0.189565605024851,-0.1403075406229228,1
8,16.0,48.0,4.3,6.55,699.0,2.0,0,0,0,1,0,0,0.5578698922083575,0.1326503831363568,0.0170373889153493,1
12,16.0,48.0,4.51,6.78,749.0,4.0,0,0,0,1,0,0,0.5578698922083575,0.1326503831363568,0.0170373889153493,1
12,32.0,50.0,9.0,11.0,549.0,2.0,0,0,0,1,0,0,-0.4028211876940958,0.1862158114445372,-0.1343454810887507,1
8,32.0,50.0,6.0,6.9,699.0,8.0,0,0,0,1,0,0,-0.4058897902889868,0.1886617204774248,-0.1421812509209951,1
8,32.0,50.0,5.0,6.7,499.0,4.0,0,0,0,1,0,0,-0.4380862416265888,0.2271264718942014,-0.1480068337799443,1
12,50.0,108.0,5.2,6.8,1049.0,8.0,0,0,0,1,0,0,-0.403869282934869,0.1880043670405702,-0.1307088968899231,1
12,50.0,108.0,5.2,6.9,899.0,4.0,0,0,0,1,0,0,-0.4380862416265888,0.2271264718942014,-0.1480068337799443,1
12,50.0,108.0,5.2,6.9,1099.0,8.0,0,0,0,1,0,0,-0.4028211876940958,0.1862158114445372,-0.1343454810887507,1
12,16.0,50.0,4.5,6.7,749.0,4.0,0,0,0,1,0,0,0.6284119102491342,0.2423707647191008,0.0513083769009827,1
12,16.0,48.0,4.5,6.55,599.0,4.0,0,0,0,1,0,0,0.5578698922083575,0.1326503831363568,0.0170373889153493,1
12,16.0,48.0,4.5,6.55,749.0,4.0,0,0,0,1,0,0,0.5578698922083575,0.1326503831363568,0.0170373889153493,1
8,32.0,50.0,4.5,6.43,349.0,2.0,0,0,0,1,0,0,-0.4064153291580947,0.189565605024851,-0.1403075406229228,1
8,32.0,50.0,4.5,6.43,399.0,2.0,0,0,0,1,0,0,-0.6504965310424556,0.4572659825580791,-0.1759989308699978,1
16,32.0,50.0,5.0,6.7,899.0,4.0,0,0,0,1,0,0,0.6284119102491342,0.2423707647191008,0.0513083769009827,1
8,16.0,64.0,4.8,6.55,799.0,2.0,0,0,0,1,0,0,0.6284119102491342,0.2423707647191008,0.0513083769009827,1
12,32.0,50.0,5.0,6.7,849.0,2.0,0,0,0,1,0,0,0.6284119102491342,0.2423707647191008,0.0513083769009827,1
12,16.0,48.0,4.085,6.67,899.0,4.0,0,0,0,1,0,0,0.5578698922083575,0.1326503831363568,0.0170373889153493,1
12,16.0,48.0,4.5,6.55,799.0,4.0,0,0,0,1,0,0,0.5578698922083575,0.1326503831363568,0.0170373889153493,1
12,16.0,48.0,4.51,6.78,899.0,4.0,0,0,0,1,0,0,0.5578698922083575,0.1326503831363568,0.0170373889153493,1
8,32.0,64.0,4.0,6.44,299.0,2.0,0,0,0,1,0,0,0.1738916235994042,-0.0762626132424257,-0.0224287301825845,1
12,16.0,48.0,4.0,6.67,799.0,4.0,0,0,0,1,0,0,0.5578698922083575,0.1326503831363568,0.0170373889153493,1
12,32.0,64.0,6.0,6.9,1099.0,8.0,0,0,0,1,0,0,-0.6504965310424556,0.4572659825580791,-0.1759989308699978,1
8,32.0,50.0,5.0,6.7,499.0,4.0,0,0,0,1,0,0,-0.4380862416265888,0.2271264718942014,-0.1480068337799443,1
12,50.0,64.0,5.2,6.8,899.0,8.0,0,0,0,1,0,0,-0.403869282934869,0.1880043670405702,-0.1307088968899231,1
12,50.0,108.0,5.2,6.9,1199.0,8.0,0,0,0,1,0,0,-0.4028211876940958,0.1862158114445372,-0.1343454810887507,1
8,32.0,50.0,5.2,6.8,329.0,4.0,0,0,0,1,0,0,-0.4380862416265888,0.2271264718942014,-0.1480068337799443,1
12,50.0,108.0,5.2,6.9,1099.0,8.0,0,0,0,1,0,0,-0.4028211876940958,0.1862158114445372,-0.1343454810887507,1
8,32.0,50.0,4.3,6.9,999.0,4.0,0,0,0,1,0,0,-0.6504965310424556,0.4572659825580791,-0.1759989308699978,1
12,32.0,50.0,5.0,6.7,799.0,2.0,0,0,0,1,0,0,0.6284119102491342,0.2423707647191008,0.0513083769009827,1
8,16.0,50.0,4.5,6.7,849.0,2.0,0,0,0,1,0,0,0.6284119102491342,0.2423707647191008,0.0513083769009827,1
12,32.0,108.0,4.7,6.56,599.0,4.0,0,0,0,0,0,1,0.6284119102491342,0.2423707647191008,0.0513083769009827,1
12,16.0,64.0,5.0,6.58,399.0,2.0,0,0,0,0,0,1,-0.2695154283338701,0.0908298977340671,-0.2779291453402828,1
8,44.0,64.0,4.1,6.44,449.0,2.0,0,0,0,0,0,1,0.1900628272400781,-0.0740556827759291,-0.0227801015458115,1
16,32.0,50.0,5.7,6.31,949.0,4.0,0,0,0,0,0,1,-0.4761221306947563,0.3818786102574236,-0.5199964000991686,1
16,32.0,200.0,6.0,6.78,1299.0,8.0,0,0,0,0,0,1,-0.4761221306947563,0.3818786102574236,-0.5199964000991686,1
16,32.0,200.0,6.0,6.78,1199.0,4.0,0,0,0,0,0,1,-0.4761221306947563,0.3818786102574236,-0.5199964000991686,1
12,32.0,50.0,6.0,6.78,1099.0,4.0,0,0,0,0,0,1,-0.4761221306947563,0.3818786102574236,-0.5199964000991686,1
12,32.0,64.0,5.5,7.85,1799.0,8.0,0,0,0,1,0,0,-0.4028211876940958,0.1862158114445372,-0.1343454810887507,1
8,32.0,50.0,5.2,6.8,499.0,4.0,0,0,0,1,0,0,-0.4380862416265888,0.2271264718942014,-0.1480068337799443,1
16,10.8,50.0,5.5,7.6,1799.0,8.0,0,0,0,1,0,0,-0.0643726586945279,-0.1751780461665251,-0.0377845952467536,1
16,10.8,50.0,5.25,6.8,1299.0,8.0,0,0,0,1,0,0,-0.0643726586945279,-0.1751780461665251,-0.0377845952467536,1
12,10.8,50.0,5.05,6.7,1099.0,4.0,0,0,0,1,0,0,-0.0643726586945279,-0.1751780461665251,-0.0377845952467536,1
12,32.0,50.0,6.0,6.78,999.0,2.0,0,0,0,0,0,1,-0.4761221306947563,0.3818786102574236,-0.5199964000991686,1
12,16.0,50.0,11.0,12.4,799.0,2.0,0,0,0,1,0,0,0.6284119102491342,0.2423707647191008,0.0513083769009827,1
12,16.0,50.0,5.0,6.7,849.0,4.0,0,0,0,1,0,0,0.6284119102491342,0.2423707647191008,0.0513083769009827,1
12,32.0,50.0,5.0,6.7,899.0,4.0,0,0,0,1,0,0,0.6284119102491342,0.2423707647191008,0.0513083769009827,1
8,32.0,48.0,4.1,6.44,429.0,4.0,0,0,0,0,0,1,0.4586492061013163,0.0509748913721046,-0.0048436537573316,1
8,32.0,48.0,4.1,6.44,399.0,2.0,0,0,0,0,0,1,0.4586492061013163,0.0509748913721046,-0.0048436537573316,1
8,32.0,48.0,4.5,6.44,429.0,4.0,0,0,0,0,0,1,0.4586492061013163,0.0509748913721046,-0.0048436537573316,1
8,32.0,48.0,4.5,6.44,399.0,2.0,0,0,0,0,0,1,0.4586492061013163,0.0509748913721046,-0.0048436537573316,1
12,16.0,13.0,10.1,13.2,877.0,8.0,0,0,0,1,0,0,-0.077069790825457,-0.2636900274928676,-0.0627807621568269,1
12,16.0,13.0,10.1,12.2,999.0,8.0,0,0,0,1,0,0,-0.077069790825457,-0.2636900274928676,-0.0627807621568269,1
8,12.0,48.0,5.0,6.1,1199.0,2.0,0,0,0,1,0,0,0.6284119102491342,0.2423707647191008,0.0513083769009827,1
12,12.0,48.0,5.0,6.5,1799.0,4.0,0,0,0,1,0,0,0.6284119102491342,0.2423707647191008,0.0513083769009827,1
8,12.0,48.0,5.0,6.1,1099.0,2.0,0,0,0,1,0,0,0.6284119102491342,0.2423707647191008,0.0513083769009827,1
12,12.0,48.0,5.0,6.5,1699.0,4.0,0,0,0,1,0,0,0.6284119102491342,0.2423707647191008,0.0513083769009827,1
12,12.0,12.0,5.0,6.5,1599.0,4.0,0,0,0,1,0,0,0.6284119102491342,0.2423707647191008,0.0513083769009827,1
12,10.5,50.0,5.05,6.7,999.0,4.0,0,0,0,1,0,0,-0.0643726586945279,-0.1751780461665251,-0.0377845952467536,1
12,10.8,50.0,5.0,6.7,899.0,4.0,0,0,0,1,0,0,-0.0643726586945279,-0.1751780461665251,-0.0377845952467536,1
12,11.1,50.0,5.003,6.71,899.0,4.0,0,0,0,1,0,0,-0.0643726586945279,-0.1751780461665251,-0.0377845952467536,1
16,16.0,50.0,5.0,6.78,699.0,4.0,0,0,0,0,0,1,0.6284119102491342,0.2423707647191008,0.0513083769009827,1
12,32.0,64.0,4.5,6.44,549.0,2.0,0,0,0,0,0,1,-0.4761221306947563,0.3818786102574236,-0.5199964000991686,1
12,32.0,48.0,4.2,6.56,999.0,8.0,0,0,0,0,0,1,0.4586492061013163,0.0509748913721046,-0.0048436537573316,1
12,32.0,48.0,4.2,6.56,899.0,4.0,0,0,0,0,0,1,0.4586492061013163,0.0509748913721046,-0.0048436537573316,1
8,50.0,64.0,4.05,6.44,349.0,4.0,0,0,0,0,0,1,-0.4535318668790933,-0.0377921300975009,0.7475682230800199,1
8,50.0,64.0,4.05,6.44,299.0,2.0,0,0,0,0,0,1,-0.4535318668790933,-0.0377921300975009,0.7475682230800199,1
8,32.0,48.0,4.0,6.39,549.0,4.0,0,0,0,0,0,1,0.4586492061013163,0.0509748913721046,-0.0048436537573316,1
8,32.0,48.0,4.0,6.39,499.0,2.0,0,0,0,0,0,1,0.4586492061013163,0.0509748913721046,-0.0048436537573316,1
8,60.0,50.0,4.6,6.78,729.0,8.0,0,0,0,1,0,0,-0.077069790825457,-0.2636900274928676,-0.0627807621568269,1
8,60.0,50.0,4.6,6.78,649.0,4.0,0,0,0,1,0,0,-0.077069790825457,-0.2636900274928676,-0.0627807621568269,1
8,50.0,50.0,4.6,6.7,599.0,8.0,0,0,0,1,0,0,-0.077069790825457,-0.2636900274928676,-0.0627807621568269,1
8,50.0,50.0,4.6,6.7,529.0,4.0,0,0,0,1,0,0,-0.077069790825457,-0.2636900274928676,-0.0627807621568269,1
8,60.0,50.0,4.5,6.78,599.0,2.0,0,0,0,1,0,0,-0.077069790825457,-0.2636900274928676,-0.0627807621568269,1
8,60.0,50.0,4.5,6.7,499.0,2.0,0,0,0,1,0,0,-0.077069790825457,-0.2636900274928676,-0.0627807621568269,1
12,13.0,50.0,5.0,6.8,1099.0,2.0,0,0,0,1,0,0,-0.077069790825457,-0.2636900274928676,-0.0627807621568269,1
12,13.0,50.0,5.0,6.8,999.0,2.0,0,0,0,1,0,0,-0.077069790825457,-0.2636900274928676,-0.0627807621568269,1
12,13.0,50.0,4.9,6.7,899.0,2.0,0,0,0,1,0,0,-0.077069790825457,-0.2636900274928676,-0.0627807621568269,1
16,13.0,50.0,5.2,6.8,1299.0,2.0,0,0,0,1,0,0,-0.077069790825457,-0.2636900274928676,-0.0627807621568269,1
12,13.0,50.0,5.05,6.8,1099.0,2.0,0,0,0,1,0,0,-0.077069790825457,-0.2636900274928676,-0.0627807621568269,1
12,13.0,50.0,4.9,6.8,999.0,2.0,0,0,0,1,0,0,-0.077069790825457,-0.2636900274928676,-0.0627807621568269,1
12,60.0,50.0,4.5,6.78,699.0,2.0,0,0,0,1,0,0,0.1515949357902815,-0.1009787560926232,-0.0278550470177369,1
8,60.0,50.0,4.5,6.78,599.0,2.0,0,0,0,1,0,0,0.1515949357902815,-0.1009787560926232,-0.0278550470177369,1
8,60.0,50.0,4.5,6.7,499.0,2.0,0,0,0,1,0,0,0.1515949357902815,-0.1009787560926232,-0.0278550470177369,1
12,13.0,50.0,5.2,6.82,1499.0,2.0,0,0,0,1,0,0,-0.077069790825457,-0.2636900274928676,-0.0627807621568269,1
12,13.0,50.0,5.0,6.82,1299.0,2.0,0,0,0,1,0,0,-0.077069790825457,-0.2636900274928676,-0.0627807621568269,1
12,13.0,50.0,4.75,6.7,1099.0,2.0,0,0,0,1,0,0,-0.077069790825457,-0.2636900274928676,-0.0627807621568269,1
8,13.0,48.0,5.1,6.73,1299.0,2.0,0,0,0,1,0,0,0.381818739987821,0.0736325175717844,0.0141625753561592,1
8,13.0,48.0,4.815,6.67,1099.0,2.0,0,0,0,1,0,0,0.381818739987821,0.0736325175717844,0.0141625753561592,1
8,13.0,48.0,4.815,6.67,999.0,2.0,0,0,0,1,0,0,0.381818739987821,0.0736325175717844,0.0141625753561592,1
8,16.0,108.0,4.5,6.67,399.0,2.0,0,0,0,1,0,0,0.2173156761669049,-0.0553375301008571,-0.0178619475736975,1
8,60.0,50.0,4.5,6.78,599.0,2.0,0,0,0,1,0,0,0.1515949357902815,-0.1009787560926232,-0.0278550470177369,1
8,60.0,50.0,4.0,6.67,499.0,2.0,0,0,0,1,0,0,0.1515949357902815,-0.1009787560926232,-0.0278550470177369,1
8,13.0,50.0,4.7,6.74,1199.0,2.0,0,0,0,1,0,0,0.381818739987821,0.0736325175717844,0.0141625753561592,1
8,44.0,64.0,4.0,6.44,499.0,2.0,0,0,0,0,0,1,0.253980300949814,-0.0531750377662304,-0.0222983742745773,1
12,32.0,50.0,4.87,6.78,1199.0,8.0,0,0,0,0,0,1,-0.4028211876940958,0.1862158114445372,-0.1343454810887507,1
12,32.0,50.0,4.87,6.78,1099.0,4.0,0,0,0,0,0,1,-0.4028211876940958,0.1862158114445372,-0.1343454810887507,1
8,32.0,64.0,4.83,6.56,649.0,4.0,0,0,0,0,0,1,-0.6504965310424556,0.4572659825580791,-0.1759989308699978,1
8,32.0,64.0,4.83,6.56,599.0,2.0,0,0,0,0,0,1,-0.6504965310424556,0.4572659825580791,-0.1759989308699978,1
8,50.0,50.0,4.6,6.78,749.0,4.0,0,0,0,0,0,1,-0.403869282934869,0.1880043670405702,-0.1307088968899231,1
8,50.0,50.0,4.6,6.78,699.0,2.0,0,0,0,0,0,1,-0.403869282934869,0.1880043670405702,-0.1307088968899231,1
8,50.0,50.0,4.6,6.78,649.0,4.0,0,0,0,0,0,1,-0.403869282934869,0.1880043670405702,-0.1307088968899231,1
8,50.0,50.0,4.6,6.78,599.0,2.0,0,0,0,0,0,1,-0.403869282934869,0.1880043670405702,-0.1307088968899231,1
8,32.0,64.0,4.2,6.44,949.0,4.0,0,0,0,0,0,1,0.4586492061013163,0.0509748913721046,-0.0048436537573316,1
8,32.0,64.0,4.2,6.44,899.0,2.0,0,0,0,0,0,1,0.4586492061013163,0.0509748913721046,-0.0048436537573316,1
8,32.0,50.0,4.45,6.56,799.0,4.0,0,0,0,0,0,1,-0.4064153291580947,0.189565605024851,-0.1403075406229228,1
8,32.0,50.0,4.45,6.56,749.0,2.0,0,0,0,0,0,1,-0.4064153291580947,0.189565605024851,-0.1403075406229228,1
6,32.0,48.0,3.7,6.39,449.0,4.0,0,0,0,0,0,1,0.4586492061013163,0.0509748913721046,-0.0048436537573316,1
6,32.0,48.0,3.7,6.39,399.0,2.0,0,0,0,0,0,1,0.4586492061013163,0.0509748913721046,-0.0048436537573316,1
8,44.0,64.0,4.0,6.44,549.0,4.0,0,0,0,0,0,1,0.253980300949814,-0.0531750377662304,-0.0222983742745773,1
12,13.0,50.0,5.05,6.8,1199.0,2.0,0,0,0,1,0,0,-0.077069790825457,-0.2636900274928676,-0.0627807621568269,1
8,32.0,50.0,5.8,6.67,499.0,4.0,0,0,1,0,0,0,-0.4535318668790933,-0.0377921300975009,0.7475682230800199,1
8,32.0,50.0,5.8,6.67,499.0,4.0,0,0,1,0,0,0,-0.4535318668790933,-0.0377921300975009,0.7475682230800199,1
8,32.0,50.0,4.8,6.7,1099.0,4.0,0,0,1,0,0,0,0.6284119102491342,0.2423707647191008,0.0513083769009827,1
12,32.0,50.0,5.0,6.8,1299.0,4.0,0,0,1,0,0,0,0.6284119102491342,0.2423707647191008,0.0513083769009827,1
12,32.0,50.0,4.3,6.8,999.0,4.0,0,0,1,0,0,0,-0.4028211876940958,0.1862158114445372,-0.1343454810887507,1
12,32.0,48.0,4.805,7.82,1399.0,8.0,0,0,1,0,0,0,0.6284119102491342,0.2423707647191008,0.0513083769009827,1
8,13.0,50.0,4.46,6.7,999.0,2.0,0,0,0,1,0,0,0.381818739987821,0.0736325175717844,0.0141625753561592,1
8,32.0,50.0,4.0,6.72,599.0,2.0,0,0,0,1,0,0,0.1515949357902815,-0.1009787560926232,-0.0278550470177369,1
8,32.0,50.0,4.3,6.57,499.0,2.0,0,0,0,1,0,0,0.1515949357902815,-0.1009787560926232,-0.0278550470177369,1
8,10.7,40.0,4.0,6.9,1299.0,2.0,0,0,0,1,0,0,0.1423704227368508,-0.1017393563517379,-0.0274246365112572,1
12,32.0,50.0,4.7,6.78,999.0,8.0,0,0,0,0,0,1,-0.4013013722895371,0.1828504902929748,-0.1333775665862674,1
12,32.0,50.0,4.7,6.78,899.0,4.0,0,0,0,0,0,1,-0.4013013722895371,0.1828504902929748,-0.1333775665862674,1
8,50.0,64.0,4.2,6.44,549.0,4.0,0,0,0,0,0,1,-0.6504965310424556,0.4572659825580791,-0.1759989308699978,1
8,50.0,64.0,4.2,6.44,499.0,2.0,0,0,0,0,0,1,-0.6504965310424556,0.4572659825580791,-0.1759989308699978,1
8,16.0,64.0,4.5,6.44,349.0,4.0,0,0,0,0,0,1,0.2933975629234231,-0.0464520653063719,-0.0235208407644682,1
8,16.0,64.0,4.5,6.44,449.0,4.0,0,0,0,0,0,1,-0.4058897902889868,0.1886617204774248,-0.1421812509209951,1
12,32.0,50.0,4.6,6.74,749.0,8.0,0,0,1,0,0,0,-0.403869282934869,0.1880043670405702,-0.1307088968899231,1
8,32.0,50.0,5.0,6.7,449.0,4.0,0,0,1,0,0,0,0.5578698922083575,0.1326503831363568,0.0170373889153493,1
8,32.0,50.0,5.0,6.7,449.0,4.0,0,0,1,0,0,0,0.5578698922083575,0.1326503831363568,0.0170373889153493,1
8,32.0,64.0,4.02,6.28,549.0,4.0,0,0,0,1,0,0,0.1318273728653488,-0.1203110372392398,-0.0336044718056362,1
6,32.0,64.0,4.02,6.28,499.0,2.0,0,0,0,1,0,0,0.1318273728653488,-0.1203110372392398,-0.0336044718056362,1
12,32.0,50.0,4.4,6.55,749.0,4.0,0,0,0,1,0,0,0.1108580836566587,-0.1214751751379452,-0.0320364022181501,1
8,32.0,50.0,4.4,6.55,699.0,2.0,0,0,0,1,0,0,0.1108580836566587,-0.1214751751379452,-0.0320364022181501,1
12,60.0,200.0,5.0,6.9,1499.0,8.0,0,0,0,1,0,0,0.6284119102491342,0.2423707647191008,0.0513083769009827,1
8,16.0,50.0,5.0,6.8,350.0,8.0,0,0,0,1,0,0,0.6284119102491342,0.2423707647191008,0.0513083769009827,1
12,60.0,200.0,5.0,6.9,1499.0,8.0,0,0,0,1,0,0,0.6284119102491342,0.2423707647191008,0.0513083769009827,1
12,32.0,50.0,4.7,6.7,500.0,8.0,0,0,0,1,0,0,0.3552183165026272,0.0720570485243314,0.0148594605020958,1
8,32.0,50.0,4.7,6.7,450.0,4.0,0,0,0,1,0,0,0.3552183165026272,0.0720570485243314,0.0148594605020958,1
12,32.0,50.0,4.3,6.5,350.0,8.0,0,0,0,1,0,0,-0.6504965310424556,0.4572659825580791,-0.1759989308699978,1
8,32.0,50.0,4.3,6.5,300.0,4.0,0,0,0,1,0,0,-0.6504965310424556,0.4572659825580791,-0.1759989308699978,1
12,50.0,50.0,5.6,6.59,699.0,4.0,0,0,1,0,0,0,-0.6504965310424556,0.4572659825580791,-0.1759989308699978,1
12,50.0,50.0,5.8,6.83,799.0,8.0,0,0,1,0,0,0,-0.6504965310424556,0.4572659825580791,-0.1759989308699978,1
8,32.0,64.0,4.5,6.55,599.0,4.0,0,0,1,0,0,0,0.1900628272400781,-0.0740556827759291,-0.0227801015458115,1
8,32.0,64.0,4.5,6.55,549.0,2.0,0,0,1,0,0,0,0.1900628272400781,-0.0740556827759291,-0.0227801015458115,1
12,32.0,64.0,5.0,6.7,699.0,8.0,0,0,1,0,0,0,-0.4761221306947563,0.3818786102574236,-0.5199964000991686,1
8,32.0,64.0,5.0,6.7,599.0,4.0,0,0,1,0,0,0,-0.4761221306947563,0.3818786102574236,-0.5199964000991686,1
8,32.0,64.0,5.0,6.7,549.0,4.0,0,0,1,0,0,0,-0.4761221306947563,0.3818786102574236,-0.5199964000991686,1
8,32.0,64.0,5.0,6.7,499.0,2.0,0,0,1,0,0,0,-0.4761221306947563,0.3818786102574236,-0.5199964000991686,1
12,16.0,50.0,6.4,6.7,799.0,8.0,0,0,1,0,0,0,0.6284119102491342,0.2423707647191008,0.0513083769009827,1
8,16.0,50.0,6.4,6.7,699.0,4.0,0,0,1,0,0,0,0.6284119102491342,0.2423707647191008,0.0513083769009827,1
8,8.0,50.0,5.0,6.67,499.0,4.0,0,0,1,0,0,0,0.2173156761669049,-0.0553375301008571,-0.0178619475736975,1
8,8.0,50.0,5.0,6.67,449.0,2.0,0,0,1,0,0,0,0.2173156761669049,-0.0553375301008571,-0.0178619475736975,1
8,8.0,50.0,5.1,6.67,499.0,4.0,0,0,1,0,0,0,-0.4761221306947563,0.3818786102574236,-0.5199964000991686,1
12,16.0,50.0,6.0,6.7,699.0,8.0,0,0,1,0,0,0,-0.4761221306947563,0.3818786102574236,-0.5199964000991686,1
8,16.0,50.0,6.0,6.7,599.0,4.0,0,0,1,0,0,0,-0.4761221306947563,0.3818786102574236,-0.5199964000991686,1
12,32.0,50.0,4.6,6.74,699.0,8.0,0,0,1,0,0,0,-0.403869282934869,0.1880043670405702,-0.1307088968899231,1
8,32.0,64.0,5.0,6.7,499.0,4.0,0,0,1,0,0,0,-0.6504965310424556,0.4572659825580791,-0.1759989308699978,1
8,32.0,50.0,5.0,6.7,599.0,4.0,0,0,1,0,0,0,-0.6504965310424556,0.4572659825580791,-0.1759989308699978,1
12,32.0,50.0,5.0,6.78,1099.0,4.0,0,0,1,0,0,0,-0.4761221306947563,0.3818786102574236,-0.5199964000991686,1
16,32.0,50.0,5.0,6.82,1299.0,8.0,0,0,1,0,0,0,0.6284119102491342,0.2423707647191008,0.0513083769009827,1
12,32.0,50.0,5.0,6.67,370.0,4.0,0,0,0,1,0,0,0.6284119102491342,0.2423707647191008,0.0513083769009827,1
8,32.0,50.0,5.0,6.67,320.0,2.0,0,0,0,1,0,0,0.6284119102491342,0.2423707647191008,0.0513083769009827,1
8,32.0,50.0,3.8,6.7,999.0,4.0,0,0,0,1,0,0,0.6284119102491342,0.2423707647191008,0.0513083769009827,1
12,32.0,50.0,4.0,6.9,1199.0,8.0,0,0,0,1,0,0,0.6284119102491342,0.2423707647191008,0.0513083769009827,1
12,32.0,50.0,4.7,6.7,500.0,8.0,0,0,0,1,0,0,0.3552183165026272,0.0720570485243314,0.0148594605020958,1
8,32.0,50.0,4.7,6.7,450.0,4.0,0,0,0,1,0,0,0.3552183165026272,0.0720570485243314,0.0148594605020958,1
12,32.0,50.0,4.31,6.4,450.0,8.0,0,0,0,1,0,0,-0.6504965310424556,0.4572659825580791,-0.1759989308699978,1
8,32.0,50.0,4.31,6.4,400.0,4.0,0,0,0,1,0,0,-0.6504965310424556,0.4572659825580791,-0.1759989308699978,1
12,32.0,64.0,4.5,6.7,350.0,4.0,0,0,0,1,0,0,-0.6504965310424556,0.4572659825580791,-0.1759989308699978,1
8,32.0,64.0,4.5,6.7,300.0,2.0,0,0,0,1,0,0,-0.6504965310424556,0.4572659825580791,-0.1759989308699978,1
12,32.0,50.0,5.0,6.82,1199.0,4.0,0,0,1,0,0,0,0.6284119102491342,0.2423707647191008,0.0513083769009827,1
16,8.0,13.0,9.51,12.1,999.0,8.0,0,0,1,0,0,0,0.6284119102491342,0.2423707647191008,0.0513083769009827,1
12,8.0,13.0,9.51,12.1,899.0,4.0,0,0,1,0,0,0,0.6284119102491342,0.2423707647191008,0.0513083769009827,1
12,8.0,13.0,9.51,11.6,799.0,4.0,0,0,1,0,0,0,-0.4761221306947563,0.3818786102574236,-0.5199964000991686,1
8,32.0,64.0,4.5,6.7,449.0,2.0,0,0,1,0,0,0,0.1900628272400781,-0.0740556827759291,-0.0227801015458115,1
16,32.0,50.0,4.7,6.74,699.0,4.0,0,0,1,0,0,0,0.6284119102491342,0.2423707647191008,0.0513083769009827,1
12,32.0,50.0,4.6,6.7,599.0,4.0,0,0,1,0,0,0,0.1900628272400781,-0.0740556827759291,-0.0227801015458115,1
8,32.0,64.0,5.0,6.7,549.0,4.0,0,0,1,0,0,0,-0.4761221306947563,0.3818786102574236,-0.5199964000991686,1
8,32.0,64.0,5.0,6.7,499.0,2.0,0,0,1,0,0,0,-0.4761221306947563,0.3818786102574236,-0.5199964000991686,1
12,32.0,50.0,4.52,7.1,1099.0,4.0,0,0,1,0,0,0,0.6284119102491342,0.2423707647191008,0.0513083769009827,1
12,32.0,50.0,4.3,6.8,999.0,8.0,0,0,1,0,0,0,-0.265210870277105,0.0844067298550222,-0.2690382537328927,1
8,32.0,50.0,4.3,6.8,899.0,4.0,0,0,1,0,0,0,-0.265210870277105,0.0844067298550222,-0.2690382537328927,1
8,32.0,50.0,4.8,6.55,799.0,4.0,0,0,1,0,0,0,0.1742220738172441,-0.0769565423031832,-0.0225399128846429,1
16,32.0,50.0,5.0,6.7,999.0,8.0,0,0,1,0,0,0,0.6284119102491342,0.2423707647191008,0.0513083769009827,1
12,32.0,50.0,5.0,6.7,899.0,4.0,0,0,1,0,0,0,0.6284119102491342,0.2423707647191008,0.0513083769009827,1
16,32.0,50.0,4.8,6.74,999.0,8.0,0,0,1,0,0,0,-0.2668371816764018,0.0880078646603834,-0.2700739916154089,1
12,32.0,50.0,4.8,6.74,899.0,4.0,0,0,1,0,0,0,-0.2668371816764018,0.0880078646603834,-0.2700739916154089,1
16,32.0,50.0,5.0,6.82,1099.0,8.0,0,0,1,0,0,0,0.6284119102491342,0.2423707647191008,0.0513083769009827,1
12,32.0,50.0,5.0,6.82,999.0,4.0,0,0,1,0,0,0,0.6284119102491342,0.2423707647191008,0.0513083769009827,1
16,32.0,50.0,5.0,6.78,1199.0,8.0,0,0,1,0,0,0,-0.4761221306947563,0.3818786102574236,-0.5199964000991686,1
8,32.0,64.0,4.3,6.43,299.0,2.0,0,0,1,0,0,0,0.1738916235994042,-0.0762626132424257,-0.0224287301825845,1
12,32.0,50.0,4.5,6.55,599.0,4.0,0,0,1,0,0,0,0.5578698922083575,0.1326503831363568,0.0170373889153493,1
12,32.0,64.0,4.5,6.55,499.0,4.0,0,0,1,0,0,0,-0.2695154283338701,0.0908298977340671,-0.2779291453402828,1
8,32.0,64.0,4.5,6.55,449.0,2.0,0,0,1,0,0,0,-0.2695154283338701,0.0908298977340671,-0.2779291453402828,1
12,32.0,64.0,4.3,6.43,399.0,4.0,0,0,1,0,0,0,-0.2689523254000455,0.0898614060193469,-0.279936783267755,1
8,32.0,64.0,4.3,6.43,349.0,2.0,0,0,1,0,0,0,-0.2689523254000455,0.0898614060193469,-0.279936783267755,1
12,32.0,50.0,4.5,6.55,499.0,4.0,0,0,1,0,0,0,-0.2695154283338701,0.0908298977340671,-0.2779291453402828,1
12,32.0,64.0,4.5,6.4,399.0,4.0,0,0,1,0,0,0,-0.2689523254000455,0.0898614060193469,-0.279936783267755,1
8,32.0,64.0,4.5,6.4,349.0,2.0,0,0,1,0,0,0,-0.2689523254000455,0.0898614060193469,-0.279936783267755,1
12,32.0,50.0,4.5,6.7,599.0,4.0,0,0,1,0,0,0,-0.4761221306947563,0.3818786102574236,-0.5199964000991686,1
12,32.0,50.0,4.5,6.7,549.0,4.0,0,0,1,0,0,0,-0.4761221306947563,0.3818786102574236,-0.5199964000991686,1
12,32.0,50.0,4.5,6.4,449.0,4.0,0,0,1,0,0,0,-0.4761221306947563,0.3818786102574236,-0.5199964000991686,1
8,32.0,50.0,4.5,6.4,399.0,2.0,0,0,1,0,0,0,-0.4761221306947563,0.3818786102574236,-0.5199964000991686,1
16,32.0,50.0,4.7,6.7,649.0,4.0,0,0,1,0,0,0,0.6284119102491342,0.2423707647191008,0.0513083769009827,1
16,32.0,50.0,4.5,6.7,599.0,4.0,0,0,1,0,0,0,-0.4761221306947563,0.3818786102574236,-0.5199964000991686,1
12,32.0,64.0,4.5,6.7,499.0,4.0,0,0,1,0,0,0,0.1900628272400781,-0.0740556827759291,-0.0227801015458115,1
12,16.0,50.0,5.0,6.5,349.0,4.0,0,0,0,1,0,0,0.216455098525416,-0.0689846274536574,-0.023635660832013,1
8,16.0,64.0,5.0,6.59,249.0,2.0,0,0,1,0,0,0,-0.6504965310424556,0.4572659825580791,-0.1759989308699978,1
8,16.0,64.0,5.0,6.59,229.0,4.0,0,0,1,0,0,0,0.2933975629234231,-0.0464520653063719,-0.0235208407644682,1
12,16.0,108.0,5.0,6.72,229.0,4.0,0,0,1,0,0,0,0.2933975629234231,-0.0464520653063719,-0.0235208407644682,1
8,16.0,108.0,5.0,6.72,199.0,2.0,0,0,1,0,0,0,0.2933975629234231,-0.0464520653063719,-0.0235208407644682,1
8,8.0,50.0,5.0,6.56,249.0,4.0,0,0,1,0,0,0,-0.4085105549335135,0.1931551039200043,-0.1328781372765775,1
12,32.0,48.0,4.025,6.5,499.0,4.0,0,0,1,0,0,0,0.1738916235994042,-0.0762626132424257,-0.0224287301825845,1
12,32.0,64.0,4.025,6.4,299.0,4.0,0,0,1,0,0,0,-0.4761221306947563,0.3818786102574236,-0.5199964000991686,1
8,32.0,64.0,4.025,6.4,249.0,2.0,0,0,1,0,0,0,-0.4761221306947563,0.3818786102574236,-0.5199964000991686,1
12,32.0,48.0,4.0,6.55,499.0,4.0,0,0,1,0,0,0,0.1738916235994042,-0.0762626132424257,-0.0224287301825845,1
8,32.0,48.0,4.0,6.43,349.0,4.0,0,0,1,0,0,0,0.1738916235994042,-0.0762626132424257,-0.0224287301825845,1
8,32.0,48.0,4.0,6.43,299.0,2.0,0,0,1,0,0,0,0.1738916235994042,-0.0762626132424257,-0.0224287301825845,1
12,32.0,50.0,4.5,6.55,599.0,4.0,0,0,1,0,0,0,0.5578698922083575,0.1326503831363568,0.0170373889153493,1
12,32.0,64.0,4.35,6.55,449.0,4.0,0,0,1,0,0,0,-0.4761221306947563,0.3818786102574236,-0.5199964000991686,1
8,32.0,64.0,4.35,6.55,399.0,2.0,0,0,1,0,0,0,-0.4761221306947563,0.3818786102574236,-0.5199964000991686,1
12,32.0,64.0,4.3,6.43,349.0,4.0,0,0,1,0,0,0,0.1738916235994042,-0.0762626132424257,-0.0224287301825845,1
8,32.0,48.0,4.025,6.4,299.0,4.0,0,0,1,0,0,0,0.253980300949814,-0.0531750377662304,-0.0222983742745773,1
8,32.0,48.0,4.025,6.4,279.0,2.0,0,0,1,0,0,0,0.253980300949814,-0.0531750377662304,-0.0222983742745773,1
8,32.0,64.0,4.3,6.43,299.0,4.0,0,0,1,0,0,0,0.4586492061013163,0.0509748913721046,-0.0048436537573316,1
8,32.0,64.0,4.3,6.43,279.0,2.0,0,0,1,0,0,0,0.4586492061013163,0.0509748913721046,-0.0048436537573316,1
12,16.0,64.0,4.5,6.43,329.0,4.0,0,0,1,0,0,0,-0.4064153291580947,0.189565605024851,-0.1403075406229228,1
8,16.0,64.0,4.5,6.43,299.0,2.0,0,0,1,0,0,0,-0.4064153291580947,0.189565605024851,-0.1403075406229228,1
8,16.0,64.0,5.0,6.5,229.0,4.0,0,0,1,0,0,0,-0.4380862416265888,0.2271264718942014,-0.1480068337799443,1
12,32.0,50.0,3.5,6.7,1099.0,4.0,0,0,0,1,0,0,0.6284119102491342,0.2423707647191008,0.0513083769009827,1
8,32.0,50.0,3.5,6.7,999.0,2.0,0,0,0,1,0,0,0.6284119102491342,0.2423707647191008,0.0513083769009827,1
12,50.0,50.0,4.5,6.7,599.0,4.0,0,0,0,1,0,0,0.6284119102491342,0.2423707647191008,0.0513083769009827,1
8,50.0,50.0,4.5,6.7,549.0,2.0,0,0,0,1,0,0,0.6284119102491342,0.2423707647191008,0.0513083769009827,1
12,32.0,50.0,5.0,6.7,549.0,4.0,0,0,0,1,0,0,0.6284119102491342,0.2423707647191008,0.0513083769009827,1
8,32.0,50.0,5.0,6.7,499.0,2.0,0,0,0,1,0,0,0.6284119102491342,0.2423707647191008,0.0513083769009827,1
8,32.0,48.0,4.0,6.39,479.0,4.0,0,0,0,1,0,0,0.5578698922083575,0.1326503831363568,0.0170373889153493,1
6,32.0,48.0,4.0,6.39,429.0,2.0,0,0,0,1,0,0,0.5578698922083575,0.1326503831363568,0.0170373889153493,1
8,32.0,64.0,5.0,6.7,449.0,4.0,0,0,0,1,0,0,0.216455098525416,-0.0689846274536574,-0.023635660832013,1
16,16.0,200.0,5.11,6.67,429.0,8.0,0,0,0,1,0,0,0.3552183165026272,0.0720570485243314,0.0148594605020958,1
16,32.0,50.0,5.5,6.78,380.0,8.0,0,0,0,1,0,0,0.5992108286198022,0.1823648629787209,0.0309190883881871,1
12,32.0,50.0,5.5,6.78,360.0,4.0,0,0,0,1,0,0,0.5992108286198022,0.1823648629787209,0.0309190883881871,1
12,16.0,50.0,5.2,6.7,320.0,4.0,0,0,0,1,0,0,0.4118426412134937,0.0779514224898054,0.0109658944353637,1
12,16.0,50.0,6.0,6.83,360.0,8.0,0,0,0,1,0,0,0.4118426412134937,0.0779514224898054,0.0109658944353637,1
12,16.0,50.0,6.0,6.83,340.0,4.0,0,0,0,1,0,0,0.4118426412134937,0.0779514224898054,0.0109658944353637,1
8,32.0,50.0,5.5,6.78,380.0,4.0,0,0,0,1,0,0,0.5992108286198022,0.1823648629787209,0.0309190883881871,1
8,32.0,50.0,5.5,6.78,360.0,2.0,0,0,0,1,0,0,0.5992108286198022,0.1823648629787209,0.0309190883881871,1
16,32.0,50.0,5.5,6.78,420.0,8.0,0,0,0,1,0,0,0.5992108286198022,0.1823648629787209,0.0309190883881871,1
12,32.0,50.0,5.5,6.78,400.0,4.0,0,0,0,1,0,0,0.5992108286198022,0.1823648629787209,0.0309190883881871,1
8,32.0,50.0,5.5,6.78,380.0,2.0,0,0,0,1,0,0,0.5992108286198022,0.1823648629787209,0.0309190883881871,1
16,16.0,50.0,6.5,6.78,500.0,4.0,0,0,0,1,0,0,0.4586492061013163,0.0509748913721046,-0.0048436537573316,1
12,16.0,50.0,6.5,6.78,470.0,2.0,0,0,0,1,0,0,0.4586492061013163,0.0509748913721046,-0.0048436537573316,1
12,16.0,64.0,5.0,6.59,279.0,4.0,0,0,1,0,0,0,-0.6504965310424556,0.4572659825580791,-0.1759989308699978,1
12,16.0,64.0,5.0,6.7,299.0,4.0,0,0,1,0,0,0,0.4586492061013163,0.0509748913721046,-0.0048436537573316,1
8,16.0,64.0,5.0,6.7,259.0,2.0,0,0,1,0,0,0,0.4586492061013163,0.0509748913721046,-0.0048436537573316,1
12,32.0,50.0,5.0,6.73,899.0,8.0,0,0,0,1,0,0,0.6284119102491342,0.2423707647191008,0.0513083769009827,1
12,32.0,50.0,5.0,6.73,799.0,4.0,0,0,0,1,0,0,0.6284119102491342,0.2423707647191008,0.0513083769009827,1
12,32.0,50.0,5.0,6.67,699.0,8.0,0,0,0,1,0,0,-0.4761221306947563,0.3818786102574236,-0.5199964000991686,1
12,32.0,50.0,5.0,6.67,599.0,4.0,0,0,0,1,0,0,-0.4761221306947563,0.3818786102574236,-0.5199964000991686,1
12,32.0,50.0,5.0,6.67,899.0,16.0,0,0,0,1,0,0,-0.4761221306947563,0.3818786102574236,-0.5199964000991686,1
12,32.0,50.0,5.0,6.67,790.77,8.0,0,0,0,1,0,0,-0.4761221306947563,0.3818786102574236,-0.5199964000991686,1
12,32.0,50.0,5.0,6.67,634.99,4.0,0,0,0,1,0,0,-0.4761221306947563,0.3818786102574236,-0.5199964000991686,1
16,32.0,50.0,5.4,6.36,799.0,8.0,0,0,0,1,0,0,0.5578698922083575,0.1326503831363568,0.0170373889153493,1
12,32.0,50.0,5.4,6.36,699.0,4.0,0,0,0,1,0,0,0.5578698922083575,0.1326503831363568,0.0170373889153493,1
16,32.0,50.0,6.1,6.73,999.0,16.0,0,0,0,1,0,0,0.5578698922083575,0.1326503831363568,0.0170373889153493,1
16,32.0,50.0,6.1,6.73,899.0,8.0,0,0,0,1,0,0,0.5578698922083575,0.1326503831363568,0.0170373889153493,1
12,32.0,50.0,6.1,6.73,799.0,4.0,0,0,0,1,0,0,0.5578698922083575,0.1326503831363568,0.0170373889153493,1
16,16.0,50.0,5.1,6.67,599.0,8.0,0,0,0,1,0,0,0.6284119102491342,0.2423707647191008,0.0513083769009827,1
12,16.0,50.0,5.1,6.67,549.0,4.0,0,0,0,1,0,0,0.6284119102491342,0.2423707647191008,0.0513083769009827,1
8,16.0,108.0,5.0,6.67,329.0,4.0,0,0,0,1,0,0,0.4586492061013163,0.0509748913721046,-0.0048436537573316,1
12,16.0,108.0,5.5,6.67,379.0,4.0,0,0,0,1,0,0,-0.6504965310424556,0.4572659825580791,-0.1759989308699978,1
8,12.0,12.0,3.7,6.7,1099.0,8.0,0,0,0,0,1,0,0.6284119102491342,0.2423707647191008,0.0513083769009827,1
8,12.0,12.0,3.7,6.7,999.0,4.0,0,0,0,0,1,0,0.6284119102491342,0.2423707647191008,0.0513083769009827,1
12,10.0,50.0,4.4,7.6,1899.0,8.0,0,0,0,0,1,0,0.6284119102491342,0.2423707647191008,0.0513083769009827,1
12,10.0,50.0,4.4,7.6,1799.0,4.0,0,0,0,0,1,0,0.6284119102491342,0.2423707647191008,0.0513083769009827,1
8,10.0,50.0,3.8,6.1,799.0,4.0,0,0,0,0,1,0,-0.0892111184731423,-0.4039021293559294,-0.1139592202997599,1
8,10.0,50.0,4.5,6.6,899.0,4.0,0,0,0,0,1,0,-0.0892111184731423,-0.4039021293559294,-0.1139592202997599,1
12,10.0,108.0,5.0,6.8,1199.0,4.0,0,0,0,0,1,0,-0.0892111184731423,-0.4039021293559294,-0.1139592202997599,1
12,10.0,108.0,5.0,6.8,1099.0,2.0,0,0,0,0,1,0,-0.0892111184731423,-0.4039021293559294,-0.1139592202997599,1
8,12.0,50.0,3.9,6.1,899.0,4.0,0,0,0,0,1,0,0.6284119102491342,0.2423707647191008,0.0513083769009827,1
8,20.0,64.0,5.16,6.67,499.0,4.0,0,0,0,1,0,0,0.6284119102491342,0.2423707647191008,0.0513083769009827,1
8,20.0,64.0,4.7,6.67,499.0,2.0,0,0,0,1,0,0,0.6284119102491342,0.2423707647191008,0.0513083769009827,1
8,12.0,50.0,3.9,6.1,799.0,2.0,0,0,0,0,1,0,0.6284119102491342,0.2423707647191008,0.0513083769009827,1
8,12.0,50.0,4.7,6.6,999.0,4.0,0,0,0,0,1,0,0.6284119102491342,0.2423707647191008,0.0513083769009827,1
8,12.0,50.0,4.7,6.6,899.0,2.0,0,0,0,0,1,0,0.6284119102491342,0.2423707647191008,0.0513083769009827,1
12,12.0,200.0,5.0,6.8,1299.0,4.0,0,0,0,0,1,0,0.6284119102491342,0.2423707647191008,0.0513083769009827,1
12,12.0,200.0,5.0,6.8,1199.0,2.0,0,0,0,0,1,0,0.6284119102491342,0.2423707647191008,0.0513083769009827,1
12,16.0,50.0,5.1,6.7,400.0,4.0,0,0,0,1,0,0,-0.4028211876940958,0.1862158114445372,-0.1343454810887507,1
12,16.0,64.0,5.0,6.7,380.0,4.0,0,0,0,1,0,0,-0.403869282934869,0.1880043670405702,-0.1307088968899231,1
12,16.0,50.0,5.2,6.8,500.0,4.0,0,0,0,1,0,0,0.5992108286198022,0.1823648629787209,0.0309190883881871,1
12,16.0,64.0,5.2,6.7,290.0,4.0,0,0,0,1,0,0,0.4118426412134937,0.0779514224898054,0.0109658944353637,1
16,32.0,50.0,5.5,6.78,360.0,8.0,0,0,0,1,0,0,0.5992108286198022,0.1823648629787209,0.0309190883881871,1
12,32.0,50.0,5.5,6.78,340.0,4.0,0,0,0,1,0,0,0.5992108286198022,0.1823648629787209,0.0309190883881871,1
12,16.0,64.0,5.1,6.7,270.0,4.0,0,0,0,1,0,0,-0.6504965310424556,0.4572659825580791,-0.1759989308699978,1
12,16.0,200.0,5.11,6.67,399.0,4.0,0,0,0,1,0,0,0.3552183165026272,0.0720570485243314,0.0148594605020958,1
8,16.0,200.0,5.11,6.67,374.9,2.0,0,0,0,1,0,0,0.3552183165026272,0.0720570485243314,0.0148594605020958,1
12,32.0,50.0,4.61,6.36,799.0,8.0,0,0,0,1,0,0,0.6284119102491342,0.2423707647191008,0.0513083769009827,1
12,32.0,50.0,4.61,6.36,699.0,4.0,0,0,0,1,0,0,0.6284119102491342,0.2423707647191008,0.0513083769009827,1
8,12.0,50.0,4.0,6.1,899.0,4.0,0,0,0,0,1,0,-0.0892111184731423,-0.4039021293559294,-0.1139592202997599,1
8,12.0,50.0,4.8,6.6,999.0,4.0,0,0,0,0,1,0,-0.0892111184731423,-0.4039021293559294,-0.1139592202997599,1
12,12.0,200.0,5.0,6.8,1299.0,4.0,0,0,0,0,1,0,-0.0892111184731423,-0.4039021293559294,-0.1139592202997599,1
12,12.0,200.0,5.0,6.8,1199.0,2.0,0,0,0,0,1,0,-0.0892111184731423,-0.4039021293559294,-0.1139592202997599,1
8,8.0,8.0,10.0,12.1,300.0,4.0,0,0,0,1,0,0,0.3552183165026272,0.0720570485243314,0.0148594605020958,2
8,8.0,8.0,10.0,12.1,280.0,2.0,0,0,0,1,0,0,0.3552183165026272,0.0720570485243314,0.0148594605020958,2
6,8.0,50.0,5.11,6.67,229.0,2.0,0,0,0,1,0,0,-0.6504965310424556,0.4572659825580791,-0.1759989308699978,2
6,16.0,64.0,5.0,6.67,329.0,2.0,0,0,0,1,0,0,-0.403869282934869,0.1880043670405702,-0.1307088968899231,2
4,5.0,50.0,5.0,6.5,149.0,1.0,0,0,0,1,0,0,-0.326810310876566,-0.1056038104605372,0.5356106203590908,2
6,20.0,64.0,5.0,6.67,449.0,2.0,0,0,0,1,0,0,0.6284119102491342,0.2423707647191008,0.0513083769009827,2
6,16.0,64.0,5.0,6.67,349.0,2.0,0,0,0,1,0,0,-0.6504965310424556,0.4572659825580791,-0.1759989308699978,2
6,8.0,50.0,5.0,6.79,219.0,2.0,0,0,0,1,0,0,0.6284119102491342,0.2423707647191008,0.0513083769009827,2
4,8.0,50.0,5.0,6.58,199.0,1.0,0,0,0,1,0,0,-0.4535318668790933,-0.0377921300975009,0.7475682230800199,2
6,16.0,108.0,5.0,6.67,329.0,2.0,0,0,0,1,0,0,0.1900628272400781,-0.0740556827759291,-0.0227801015458115,2
6,13.0,48.0,5.0,6.67,279.0,2.0,0,0,0,1,0,0,0.216455098525416,-0.0689846274536574,-0.023635660832013,2
6,8.0,8.0,7.2,10.5,230.0,2.0,0,0,0,1,0,0,-0.326810310876566,-0.1056038104605372,0.5356106203590908,2
4,8.0,8.0,7.2,10.5,210.0,1.0,0,0,0,1,0,0,-0.326810310876566,-0.1056038104605372,0.5356106203590908,2
6,8.0,8.0,7.1,10.4,220.0,2.0,0,0,0,1,0,0,-0.3121195571749495,-0.1051194024651052,0.4917734575256397,2
4,8.0,8.0,7.1,10.4,200.0,1.0,0,0,0,1,0,0,-0.3121195571749495,-0.1051194024651052,0.4917734575256397,2
4,5.0,8.0,6.4,8.7,180.0,1.0,0,0,0,1,0,0,-0.0800146154968199,-0.2908026220352449,-0.0712014797258814,2
3,5.0,8.0,6.4,8.7,160.0,0.5,0,0,0,1,0,0,-0.0800146154968199,-0.2908026220352449,-0.0712014797258814,2
6,8.0,13.0,8.34,11.0,350.0,2.0,0,0,0,1,0,0,0.2933975629234231,-0.0464520653063719,-0.0235208407644682,2
4,8.0,13.0,8.34,11.0,310.0,1.0,0,0,0,1,0,0,0.2933975629234231,-0.0464520653063719,-0.0235208407644682,2
6,8.0,8.0,7.1,10.4,210.0,2.0,0,0,0,1,0,0,-0.326810310876566,-0.1056038104605372,0.5356106203590908,2
4,8.0,8.0,7.1,10.4,190.0,1.0,0,0,0,1,0,0,-0.326810310876566,-0.1056038104605372,0.5356106203590908,2
8,8.0,8.0,8.36,11.5,320.0,4.0,0,0,0,1,0,0,-0.3347320556557129,-0.1058120868131015,0.5579325231646707,2
6,8.0,8.0,8.36,11.5,280.0,2.0,0,0,0,1,0,0,-0.3347320556557129,-0.1058120868131015,0.5579325231646707,2
6,8.0,8.0,7.1,10.4,230.0,2.0,0,0,0,1,0,0,-0.3121195571749495,-0.1051194024651052,0.4917734575256397,2
4,8.0,8.0,7.1,10.4,200.0,1.0,0,0,0,1,0,0,-0.3121195571749495,-0.1051194024651052,0.4917734575256397,2
8,16.0,50.0,5.1,6.7,350.0,2.0,0,0,0,1,0,0,-0.4028211876940958,0.1862158114445372,-0.1343454810887507,2
8,16.0,64.0,5.0,6.7,330.0,2.0,0,0,0,1,0,0,-0.403869282934869,0.1880043670405702,-0.1307088968899231,2
8,16.0,50.0,5.2,6.8,440.0,2.0,0,0,0,1,0,0,0.5992108286198022,0.1823648629787209,0.0309190883881871,2
6,16.0,50.0,5.0,6.5,170.0,2.0,0,0,0,1,0,0,-0.3347320556557129,-0.1058120868131015,0.5579325231646707,2
8,16.0,50.0,5.2,6.6,240.0,4.0,0,0,0,1,0,0,-0.4380862416265888,0.2271264718942014,-0.1480068337799443,2
6,16.0,50.0,5.2,6.6,220.0,2.0,0,0,0,1,0,0,-0.4380862416265888,0.2271264718942014,-0.1480068337799443,2
6,16.0,50.0,5.2,6.6,210.0,2.0,0,0,0,1,0,0,-0.6504965310424556,0.4572659825580791,-0.1759989308699978,2
8,8.0,64.0,5.0,6.72,190.0,4.0,0,0,0,1,0,0,-0.4535318668790933,-0.0377921300975009,0.7475682230800199,2
6,8.0,64.0,5.0,6.72,170.0,2.0,0,0,0,1,0,0,-0.4535318668790933,-0.0377921300975009,0.7475682230800199,2
6,8.0,50.0,5.0,6.6,150.0,2.0,0,0,0,1,0,0,-0.326810310876566,-0.1056038104605372,0.5356106203590908,2
8,8.0,50.0,5.0,6.6,180.0,4.0,0,0,0,1,0,0,0.4586492061013163,0.0509748913721046,-0.0048436537573316,2
6,8.0,50.0,5.0,6.6,160.0,2.0,0,0,0,1,0,0,0.4586492061013163,0.0509748913721046,-0.0048436537573316,2
8,8.0,50.0,5.0,6.6,190.0,4.0,0,0,0,1,0,0,-0.4535318668790933,-0.0377921300975009,0.7475682230800199,2
6,8.0,50.0,5.0,6.6,170.0,2.0,0,0,0,1,0,0,-0.4535318668790933,-0.0377921300975009,0.7475682230800199,2
4,8.0,50.0,5.0,6.5,130.0,2.0,0,0,0,1,0,0,-0.0800146154968199,-0.2908026220352449,-0.0712014797258814,2
8,8.0,50.0,5.0,6.6,180.0,4.0,0,0,0,1,0,0,-0.326810310876566,-0.1056038104605372,0.5356106203590908,2
6,8.0,50.0,5.0,6.6,160.0,2.0,0,0,0,1,0,0,-0.326810310876566,-0.1056038104605372,0.5356106203590908,2
8,16.0,50.0,5.2,6.6,230.0,2.0,0,0,0,1,0,0,-0.4380862416265888,0.2271264718942014,-0.1480068337799443,2
8,16.0,50.0,5.0,6.6,210.0,2.0,0,0,0,1,0,0,-0.4085105549335135,0.1931551039200043,-0.1328781372765775,2
6,16.0,50.0,5.0,6.5,160.0,2.0,0,0,0,1,0,0,-0.4535318668790933,-0.0377921300975009,0.7475682230800199,2
6,16.0,50.0,5.0,6.5,180.0,2.0,0,0,0,1,0,0,-0.3347320556557129,-0.1058120868131015,0.5579325231646707,2
8,16.0,50.0,5.0,6.6,260.0,4.0,0,0,0,1,0,0,-0.4380862416265888,0.2271264718942014,-0.1480068337799443,2
8,16.0,50.0,5.0,6.6,240.0,2.0,0,0,0,1,0,0,-0.4380862416265888,0.2271264718942014,-0.1480068337799443,2
8,16.0,64.0,5.2,6.7,270.0,2.0,0,0,0,1,0,0,0.4118426412134937,0.0779514224898054,0.0109658944353637,2
8,16.0,50.0,5.0,6.6,220.0,4.0,0,0,0,1,0,0,-0.6504965310424556,0.4572659825580791,-0.1759989308699978,2
6,16.0,50.0,5.0,6.6,200.0,2.0,0,0,0,1,0,0,-0.6504965310424556,0.4572659825580791,-0.1759989308699978,2
8,16.0,64.0,5.1,6.7,250.0,2.0,0,0,0,1,0,0,-0.6504965310424556,0.4572659825580791,-0.1759989308699978,2
6,8.0,48.0,5.0,6.5,229.0,2.0,0,0,0,1,0,0,-0.0800146154968199,-0.2908026220352449,-0.0712014797258814,2
4,8.0,48.0,5.0,6.5,199.0,1.0,0,0,0,1,0,0,-0.0800146154968199,-0.2908026220352449,-0.0712014797258814,2
8,16.0,50.0,5.1,6.67,499.0,2.0,0,0,0,1,0,0,0.6284119102491342,0.2423707647191008,0.0513083769009827,2
6,8.0,50.0,5.0,6.5,229.0,2.0,0,0,0,1,0,0,-0.4085105549335135,0.1931551039200043,-0.1328781372765775,2
4,8.0,50.0,5.0,6.5,199.0,1.0,0,0,0,1,0,0,-0.4085105549335135,0.1931551039200043,-0.1328781372765775,2
6,16.0,50.0,5.0,6.67,279.0,4.0,0,0,0,1,0,0,0.4586492061013163,0.0509748913721046,-0.0048436537573316,2
4,16.0,50.0,5.0,6.67,249.0,2.0,0,0,0,1,0,0,0.4586492061013163,0.0509748913721046,-0.0048436537573316,2
8,16.0,50.0,5.0,6.67,309.0,4.0,0,0,0,1,0,0,-0.6504965310424556,0.4572659825580791,-0.1759989308699978,2
6,16.0,50.0,5.0,6.67,279.0,2.0,0,0,0,1,0,0,-0.6504965310424556,0.4572659825580791,-0.1759989308699978,2
6,16.0,108.0,5.0,6.67,299.0,2.0,0,0,0,1,0,0,0.4586492061013163,0.0509748913721046,-0.0048436537573316,2
8,16.0,108.0,5.5,6.67,349.0,2.0,0,0,0,1,0,0,-0.6504965310424556,0.4572659825580791,-0.1759989308699978,2
8,16.0,50.0,5.2,6.7,300.0,2.0,0,0,0,1,0,0,0.4118426412134937,0.0779514224898054,0.0109658944353637,2
8,16.0,50.0,5.0,6.6,240.0,4.0,0,0,0,1,0,0,-0.6504965310424556,0.4572659825580791,-0.1759989308699978,2
6,16.0,50.0,5.0,6.6,220.0,2.0,0,0,0,1,0,0,-0.6504965310424556,0.4572659825580791,-0.1759989308699978,2
8,16.0,50.0,5.0,6.5,270.0,4.0,0,0,0,1,0,0,-0.6504965310424556,0.4572659825580791,-0.1759989308699978,2
8,16.0,50.0,5.0,6.5,250.0,2.0,0,0,0,1,0,0,-0.6504965310424556,0.4572659825580791,-0.1759989308699978,2
8,16.0,48.0,5.5,6.6,290.0,4.0,0,0,0,1,0,0,0.4118426412134937,0.0779514224898054,0.0109658944353637,2
6,16.0,48.0,5.5,6.6,270.0,2.0,0,0,0,1,0,0,0.4118426412134937,0.0779514224898054,0.0109658944353637,2
8,16.0,50.0,5.8,6.7,340.0,4.0,0,0,0,1,0,0,-0.6504965310424556,0.4572659825580791,-0.1759989308699978,2
8,16.0,50.0,5.8,6.7,320.0,2.0,0,0,0,1,0,0,-0.6504965310424556,0.4572659825580791,-0.1759989308699978,2
6,16.0,48.0,5.0,6.5,199.0,2.0,0,0,1,0,0,0,-0.6504965310424556,0.4572659825580791,-0.1759989308699978,2
6,16.0,16.0,3.35,6.39,299.0,1.0,0,0,0,1,0,0,0.5578698922083575,0.1326503831363568,0.0170373889153493,2
6,16.0,16.0,4.05,6.3,249.0,2.0,0,0,0,1,0,0,0.5578698922083575,0.1326503831363568,0.0170373889153493,2
4,16.0,16.0,4.05,6.3,219.0,1.0,0,0,0,1,0,0,0.5578698922083575,0.1326503831363568,0.0170373889153493,2
3,5.0,13.0,4.0,6.09,149.0,0.5,0,0,0,1,0,0,-0.2461137184587838,-0.234231654015919,0.6837023398834734,2
4,16.0,13.0,4.05,6.22,179.0,1.0,0,0,0,1,0,0,0.5578698922083575,0.1326503831363568,0.0170373889153493,2
4,8.0,48.0,5.0,6.5,199.0,1.0,0,0,0,1,0,0,0.5578698922083575,0.1326503831363568,0.0170373889153493,2
2,5.0,13.0,5.0,6.52,149.0,0.5,0,0,0,1,0,0,-0.0800146154968199,-0.2908026220352449,-0.0712014797258814,2
6,16.0,64.0,5.0,6.8,249.0,2.0,0,0,0,1,0,0,0.5578698922083575,0.1326503831363568,0.0170373889153493,2
8,16.0,50.0,5.0,6.78,370.0,4.0,0,0,0,1,0,0,0.6284119102491342,0.2423707647191008,0.0513083769009827,2
8,16.0,50.0,5.0,6.78,320.0,2.0,0,0,0,1,0,0,0.6284119102491342,0.2423707647191008,0.0513083769009827,2
4,5.0,13.0,5.0,6.5,179.0,1.0,0,0,0,1,0,0,-0.4535318668790933,-0.0377921300975009,0.7475682230800199,2
3,5.0,13.0,5.0,6.5,149.0,0.5,0,0,0,1,0,0,-0.4535318668790933,-0.0377921300975009,0.7475682230800199,2
6,16.0,50.0,5.0,6.6,279.0,2.0,0,0,0,1,0,0,0.5578698922083575,0.1326503831363568,0.0170373889153493,2
4,16.0,50.0,5.0,6.6,249.0,1.0,0,0,0,1,0,0,0.5578698922083575,0.1326503831363568,0.0170373889153493,2
6,8.0,48.0,5.0,6.5,229.0,2.0,0,0,0,1,0,0,-0.0800146154968199,-0.2908026220352449,-0.0712014797258814,2
4,8.0,48.0,5.0,6.5,199.0,1.0,0,0,0,1,0,0,-0.0800146154968199,-0.2908026220352449,-0.0712014797258814,2
6,32.0,64.0,5.0,6.7,399.0,2.0,0,0,0,1,0,0,0.216455098525416,-0.0689846274536574,-0.023635660832013,2
8,25.0,48.0,3.5,6.3,349.0,4.0,0,0,0,1,0,0,-0.0892111184731423,-0.4039021293559294,-0.1139592202997599,2
6,25.0,48.0,3.5,6.3,299.0,2.0,0,0,0,1,0,0,-0.0892111184731423,-0.4039021293559294,-0.1139592202997599,2
6,16.0,50.0,5.0,6.8,249.0,2.0,0,0,0,1,0,0,-0.4535318668790933,-0.0377921300975009,0.7475682230800199,2
4,16.0,50.0,5.0,6.8,199.0,1.0,0,0,0,1,0,0,-0.4535318668790933,-0.0377921300975009,0.7475682230800199,2
8,16.0,50.0,5.0,6.5,299.0,2.0,0,0,0,1,0,0,0.216455098525416,-0.0689846274536574,-0.023635660832013,2
6,16.0,64.0,5.0,6.5,199.0,2.0,0,0,1,0,0,0,-0.4380862416265888,0.2271264718942014,-0.1480068337799443,2
6,16.0,64.0,5.0,6.59,199.0,2.0,0,0,1,0,0,0,0.2933975629234231,-0.0464520653063719,-0.0235208407644682,2
6,5.0,50.0,5.1,6.67,229.0,4.0,0,0,1,0,0,0,0.5992108286198022,0.1823648629787209,0.0309190883881871,2
4,5.0,50.0,5.1,6.67,199.0,2.0,0,0,1,0,0,0,0.5992108286198022,0.1823648629787209,0.0309190883881871,2
4,8.0,13.0,4.0,6.5,129.0,2.0,0,0,1,0,0,0,-0.4085105549335135,0.1931551039200043,-0.1328781372765775,2
4,8.0,13.0,4.0,6.5,139.0,2.0,0,0,1,0,0,0,-0.4085105549335135,0.1931551039200043,-0.1328781372765775,2
4,8.0,13.0,4.0,6.5,149.0,2.0,0,0,1,0,0,0,-0.4085105549335135,0.1931551039200043,-0.1328781372765775,2
4,8.0,12.0,4.0,6.5,169.0,2.0,0,0,1,0,0,0,-0.6504965310424556,0.4572659825580791,-0.1759989308699978,2
4,8.0,16.0,4.04,6.5,179.0,2.0,0,0,1,0,0,0,-0.6504965310424556,0.4572659825580791,-0.1759989308699978,2
6,16.0,48.0,5.0,6.5,219.0,2.0,0,0,1,0,0,0,0.4586492061013163,0.0509748913721046,-0.0048436537573316,2
6,8.0,13.0,5.0,6.5,189.0,2.0,0,0,1,0,0,0,-0.4085105549335135,0.1931551039200043,-0.1328781372765775,2
6,8.0,13.0,5.0,6.5,199.0,2.0,0,0,1,0,0,0,-0.4085105549335135,0.1931551039200043,-0.1328781372765775,2
6,8.0,13.0,5.0,6.56,219.0,2.0,0,0,1,0,0,0,-0.4380862416265888,0.2271264718942014,-0.1480068337799443,2
8,8.0,13.0,5.0,6.56,229.0,4.0,0,0,1,0,0,0,-0.6504965310424556,0.4572659825580791,-0.1759989308699978,2
6,8.0,13.0,5.0,6.56,199.0,2.0,0,0,1,0,0,0,-0.6504965310424556,0.4572659825580791,-0.1759989308699978,2
8,16.0,50.0,5.0,6.5,300.0,4.0,0,0,0,1,0,0,0.6284119102491342,0.2423707647191008,0.0513083769009827,2
6,16.0,50.0,5.0,6.5,250.0,2.0,0,0,0,1,0,0,0.6284119102491342,0.2423707647191008,0.0513083769009827,2
8,16.0,50.0,5.0,6.72,250.0,4.0,0,0,0,1,0,0,-0.0800146154968199,-0.2908026220352449,-0.0712014797258814,2
4,16.0,50.0,5.0,6.72,200.0,2.0,0,0,0,1,0,0,-0.0800146154968199,-0.2908026220352449,-0.0712014797258814,2
8,16.0,50.0,5.0,6.49,320.0,4.0,0,0,0,1,0,0,-0.6504965310424556,0.4572659825580791,-0.1759989308699978,2
8,16.0,50.0,5.0,6.49,270.0,2.0,0,0,0,1,0,0,-0.6504965310424556,0.4572659825580791,-0.1759989308699978,2
8,8.0,13.0,8.36,11.0,599.0,4.0,0,0,1,0,0,0,0.5578698922083575,0.1326503831363568,0.0170373889153493,2
6,8.0,13.0,8.36,11.0,499.0,2.0,0,0,1,0,0,0,0.5578698922083575,0.1326503831363568,0.0170373889153493,2
8,8.0,13.0,9.51,11.6,699.0,2.0,0,0,1,0,0,0,-0.4761221306947563,0.3818786102574236,-0.5199964000991686,2
6,8.0,8.0,5.1,6.67,499.0,4.0,0,0,1,0,0,0,0.381818739987821,0.0736325175717844,0.0141625753561592,2
4,8.0,8.0,5.1,6.67,449.0,2.0,0,0,1,0,0,0,0.381818739987821,0.0736325175717844,0.0141625753561592,2
4,5.0,50.0,5.0,6.7,399.0,2.0,0,0,1,0,0,0,0.381818739987821,0.0736325175717844,0.0141625753561592,2
6,8.0,8.0,5.1,6.67,499.0,4.0,0,0,1,0,0,0,0.381818739987821,0.0736325175717844,0.0141625753561592,2
4,8.0,8.0,5.1,6.67,449.0,2.0,0,0,1,0,0,0,0.381818739987821,0.0736325175717844,0.0141625753561592,2
4,5.0,50.0,5.0,6.7,399.0,2.0,0,0,1,0,0,0,0.381818739987821,0.0736325175717844,0.0141625753561592,2
8,16.0,50.0,5.0,6.6,449.0,4.0,0,0,0,1,0,0,0.1318273728653488,-0.1203110372392398,-0.0336044718056362,2
6,16.0,50.0,5.0,6.6,399.0,2.0,0,0,0,1,0,0,0.1318273728653488,-0.1203110372392398,-0.0336044718056362,2
6,16.0,50.0,5.0,6.8,300.0,4.0,0,0,0,1,0,0,0.6284119102491342,0.2423707647191008,0.0513083769009827,2
4,8.0,13.0,5.0,6.5,180.0,2.0,0,0,0,1,0,0,-0.0800146154968199,-0.2908026220352449,-0.0712014797258814,2
4,8.0,13.0,5.0,6.5,150.0,1.0,0,0,0,1,0,0,-0.0800146154968199,-0.2908026220352449,-0.0712014797258814,2
8,8.0,50.0,8.04,12.3,449.0,4.0,0,0,0,1,0,0,0.6284119102491342,0.2423707647191008,0.0513083769009827,2
8,8.0,50.0,8.04,12.3,399.0,4.0,0,0,0,1,0,0,0.1742220738172441,-0.0769565423031832,-0.0225399128846429,2
6,8.0,13.0,8.04,11.0,349.0,2.0,0,0,0,1,0,0,0.5578698922083575,0.1326503831363568,0.0170373889153493,2
8,8.0,50.0,8.04,12.9,499.0,4.0,0,0,0,0,0,1,-0.4013013722895371,0.1828504902929748,-0.1333775665862674,2
8,8.0,50.0,8.04,12.3,449.0,4.0,0,0,0,0,0,1,0.1742220738172441,-0.0769565423031832,-0.0225399128846429,2
6,8.0,13.0,8.04,11.0,349.0,2.0,0,0,0,0,0,1,0.5578698922083575,0.1326503831363568,0.0170373889153493,2
6,8.0,13.0,8.04,10.4,279.0,2.0,0,0,0,0,0,1,0.5578698922083575,0.1326503831363568,0.0170373889153493,2
8,8.0,50.0,8.04,11.0,399.0,4.0,0,0,0,0,0,1,-0.4064153291580947,0.189565605024851,-0.1403075406229228,2
8,13.0,50.0,4.1,6.5,649.0,2.0,0,0,0,1,0,0,0.1515949357902815,-0.1009787560926232,-0.0278550470177369,2
8,13.0,64.0,4.2,6.5,799.0,2.0,0,0,0,1,0,0,-0.0709058458011283,-0.2528936107733146,-0.0600929088895568,2
8,13.0,50.0,4.36,6.6,899.0,2.0,0,0,0,1,0,0,0.1423704227368508,-0.1017393563517379,-0.0274246365112572,2
8,13.0,50.0,4.1,6.5,699.0,2.0,0,0,0,1,0,0,0.1423704227368508,-0.1017393563517379,-0.0274246365112572,2
4,16.0,50.0,5.0,6.5,249.0,1.0,0,0,0,1,0,0,-0.4535318668790933,-0.0377921300975009,0.7475682230800199,2
4,5.0,16.0,4.02,6.5,199.0,1.0,0,0,0,1,0,0,-0.4535318668790933,-0.0377921300975009,0.7475682230800199,2
2,5.0,16.0,4.02,6.5,179.0,0.5,0,0,0,1,0,0,-0.4535318668790933,-0.0377921300975009,0.7475682230800199,2
3,8.0,16.0,5.0,6.5,199.0,1.0,0,0,0,1,0,0,-0.4535318668790933,-0.0377921300975009,0.7475682230800199,2
4,16.0,50.0,5.0,6.5,279.0,2.0,0,0,0,1,0,0,0.2173156761669049,-0.0553375301008571,-0.0178619475736975,2
4,16.0,50.0,5.0,6.4,299.0,2.0,0,0,0,1,0,0,0.2173156761669049,-0.0553375301008571,-0.0178619475736975,2
6,16.0,50.0,5.0,6.5,399.0,4.0,0,0,0,1,0,0,0.160559736355792,-0.0891766533591878,-0.0254360673396749,2
4,16.0,50.0,5.0,6.5,349.0,2.0,0,0,0,1,0,0,0.160559736355792,-0.0891766533591878,-0.0254360673396749,2
6,8.0,13.0,8.04,11.0,329.0,2.0,0,0,0,0,0,1,0.5578698922083575,0.1326503831363568,0.0170373889153493,2
4,8.0,13.0,5.0,6.51,179.0,1.0,0,0,0,0,0,1,-0.4535318668790933,-0.0377921300975009,0.7475682230800199,2
4,8.0,13.0,5.0,6.51,199.0,2.0,0,0,0,0,0,1,-0.4535318668790933,-0.0377921300975009,0.7475682230800199,2
8,16.0,64.0,4.5,6.44,299.0,2.0,0,0,0,0,0,1,0.2933975629234231,-0.0464520653063719,-0.0235208407644682,2
8,16.0,64.0,4.5,6.44,399.0,2.0,0,0,0,0,0,1,-0.4058897902889868,0.1886617204774248,-0.1421812509209951,2
8,16.0,50.0,5.0,6.58,319.0,4.0,0,0,0,0,0,1,0.2933975629234231,-0.0464520653063719,-0.0235208407644682,2
6,16.0,50.0,5.0,6.58,269.0,2.0,0,0,0,0,0,1,0.2933975629234231,-0.0464520653063719,-0.0235208407644682,2
6,16.0,64.0,5.0,6.58,179.0,1.0,0,0,0,0,0,1,-0.3121195571749495,-0.1051194024651052,0.4917734575256397,2
6,16.0,64.0,5.0,6.58,229.0,2.0,0,0,0,0,0,1,-0.3121195571749495,-0.1051194024651052,0.4917734575256397,2
8,16.0,50.0,5.0,6.58,399.0,4.0,0,0,0,0,0,1,-0.4085105549335135,0.1931551039200043,-0.1328781372765775,2
8,16.0,50.0,5.0,6.58,349.0,2.0,0,0,0,0,0,1,-0.4085105549335135,0.1931551039200043,-0.1328781372765775,2
4,16.0,50.0,5.0,6.58,179.0,1.0,0,0,0,0,0,1,-0.3121195571749495,-0.1051194024651052,0.4917734575256397,2
8,16.0,50.0,5.0,6.58,239.0,2.0,0,0,0,0,0,1,-0.3121195571749495,-0.1051194024651052,0.4917734575256397,2
4,12.0,12.0,3.2,6.28,299.0,1.0,0,0,0,0,0,1,0.4586492061013163,0.0509748913721046,-0.0048436537573316,2
6,12.0,12.0,3.2,6.28,349.0,2.0,0,0,0,0,0,1,0.4586492061013163,0.0509748913721046,-0.0048436537573316,2
6,16.0,16.0,4.5,6.53,299.0,2.0,0,0,0,0,0,1,0.4586492061013163,0.0509748913721046,-0.0048436537573316,2
4,16.0,16.0,4.5,6.53,249.0,1.0,0,0,0,0,0,1,0.4586492061013163,0.0509748913721046,-0.0048436537573316,2
3,8.0,13.0,5.0,6.47,169.0,1.0,0,0,0,0,0,1,-0.4535318668790933,-0.0377921300975009,0.7475682230800199,2
4,8.0,13.0,5.0,6.47,199.0,2.0,0,0,0,0,0,1,-0.4535318668790933,-0.0377921300975009,0.7475682230800199,2
6,32.0,48.0,4.0,6.53,319.0,4.0,0,0,0,0,0,1,-0.4535318668790933,-0.0377921300975009,0.7475682230800199,2
4,8.0,50.0,5.05,6.5,169.0,1.0,0,0,0,1,0,0,-0.0800146154968199,-0.2908026220352449,-0.0712014797258814,2
4,8.0,50.0,5.0,6.52,159.0,2.0,0,0,0,1,0,0,-0.0800146154968199,-0.2908026220352449,-0.0712014797258814,2
3,8.0,50.0,5.0,6.52,139.0,1.0,0,0,0,1,0,0,-0.0800146154968199,-0.2908026220352449,-0.0712014797258814,2
4,8.0,48.0,5.05,6.52,189.0,2.0,0,0,0,1,0,0,-0.4836873499703001,0.1491716627658956,0.300824765357901,2
4,8.0,48.0,5.05,6.52,169.0,1.0,0,0,0,1,0,0,-0.4836873499703001,0.1491716627658956,0.300824765357901,2
4,8.0,50.0,5.0,6.56,229.0,2.0,0,0,0,1,0,0,0.5578698922083575,0.1326503831363568,0.0170373889153493,2
6,32.0,48.0,4.0,6.53,299.0,2.0,0,0,0,0,0,1,-0.4535318668790933,-0.0377921300975009,0.7475682230800199,2
3,8.0,13.0,5.0,6.35,169.0,1.0,0,0,0,0,0,1,0.4586492061013163,0.0509748913721046,-0.0048436537573316,2
3,8.0,13.0,5.0,6.35,149.0,0.5,0,0,0,0,0,1,0.4586492061013163,0.0509748913721046,-0.0048436537573316,2
6,32.0,48.0,4.5,6.38,269.0,4.0,0,0,0,0,0,1,-0.4535318668790933,-0.0377921300975009,0.7475682230800199,2
6,32.0,48.0,4.5,6.38,249.0,2.0,0,0,0,0,0,1,-0.4535318668790933,-0.0377921300975009,0.7475682230800199,2
4,8.0,13.0,5.0,6.51,179.0,2.0,0,0,0,0,0,1,-0.4535318668790933,-0.0377921300975009,0.7475682230800199,2
3,8.0,13.0,5.0,6.51,159.0,1.0,0,0,0,0,0,1,-0.4535318668790933,-0.0377921300975009,0.7475682230800199,2
3,16.0,13.0,3.0,5.5,179.0,0.5,0,0,0,0,0,1,0.5578698922083575,0.1326503831363568,0.0170373889153493,2
1,5.0,13.0,2.0,5.0,139.0,0.25,0,0,0,0,0,1,-0.4836873499703001,0.1491716627658956,0.300824765357901,2
4,8.0,13.0,3.0,5.5,179.0,0.5,0,0,0,0,0,1,0.5578698922083575,0.1326503831363568,0.0170373889153493,2
4,20.0,13.0,4.03,6.22,199.0,1.0,0,0,0,0,0,1,0.5578698922083575,0.1326503831363568,0.0170373889153493,2
4,20.0,16.0,3.055,5.5,249.0,1.0,0,0,0,0,0,1,0.5578698922083575,0.1326503831363568,0.0170373889153493,2
4,8.0,8.0,8.2,10.4,396.22,2.0,0,0,0,1,0,0,-0.0800146154968199,-0.2908026220352449,-0.0712014797258814,2
6,8.0,48.0,5.0,6.1,699.0,2.0,0,0,0,1,0,0,0.6284119102491342,0.2423707647191008,0.0513083769009827,2
6,8.0,48.0,5.0,6.1,599.0,2.0,0,0,0,1,0,0,0.216455098525416,-0.0689846274536574,-0.023635660832013,2
6,8.0,12.0,5.0,6.0,499.0,2.0,0,0,0,1,0,0,0.216455098525416,-0.0689846274536574,-0.023635660832013,2
8,12.0,12.0,5.0,6.1,999.0,2.0,0,0,0,1,0,0,0.6284119102491342,0.2423707647191008,0.0513083769009827,2
6,16.0,48.0,5.0,6.58,239.0,2.0,0,0,0,1,0,0,0.5578698922083575,0.1326503831363568,0.0170373889153493,2
3,8.0,13.0,5.0,6.5,139.0,2.0,0,0,0,1,0,0,-0.0800146154968199,-0.2908026220352449,-0.0712014797258814,2
2,8.0,13.0,5.0,6.5,119.0,1.0,0,0,0,1,0,0,-0.0800146154968199,-0.2908026220352449,-0.0712014797258814,2
6,8.0,50.0,5.05,6.5,189.0,2.0,0,0,0,1,0,0,-0.0800146154968199,-0.2908026220352449,-0.0712014797258814,2
8,10.5,50.0,4.575,6.2,699.0,2.0,0,0,0,1,0,0,-0.0643726586945279,-0.1751780461665251,-0.0377845952467536,2
8,10.8,64.0,4.385,6.1,499.0,2.0,0,0,0,1,0,0,-0.0643726586945279,-0.1751780461665251,-0.0377845952467536,2
8,10.8,50.0,4.355,6.3,599.0,2.0,0,0,0,1,0,0,-0.0643726586945279,-0.1751780461665251,-0.0377845952467536,2
6,8.0,12.2,4.41,6.1,449.0,2.0,0,0,0,1,0,0,-0.0643726586945279,-0.1751780461665251,-0.0377845952467536,2
8,8.0,50.0,4.614,6.4,699.0,2.0,0,0,0,1,0,0,-0.0643726586945279,-0.1751780461665251,-0.0377845952467536,2
6,8.0,12.2,4.68,6.34,449.0,2.0,0,0,0,1,0,0,0.1738916235994042,-0.0762626132424257,-0.0224287301825845,2
8,8.0,12.2,4.08,6.0,699.0,2.0,0,0,0,1,0,0,0.1738916235994042,-0.0762626132424257,-0.0224287301825845,2
6,8.0,12.2,3.885,6.2,499.0,2.0,0,0,0,1,0,0,0.1738916235994042,-0.0762626132424257,-0.0224287301825845,2
6,8.0,12.2,3.14,5.8,349.0,2.0,0,0,0,1,0,0,0.5578698922083575,0.1326503831363568,0.0170373889153493,2
6,8.0,12.2,3.7,6.3,899.0,1.0,0,0,0,1,0,0,0.5578698922083575,0.1326503831363568,0.0170373889153493,2
6,8.0,12.2,2.8,5.7,799.0,1.0,0,0,0,1,0,0,0.5578698922083575,0.1326503831363568,0.0170373889153493,2
4,8.0,12.2,3.7,6.0,479.0,1.0,0,0,0,1,0,0,0.5578698922083575,0.1326503831363568,0.0170373889153493,2
4,8.0,12.2,3.0,5.6,399.0,1.0,0,0,0,1,0,0,0.5578698922083575,0.1326503831363568,0.0170373889153493,2
2,5.0,13.0,2.3,5.5,199.0,0.25,0,0,0,0,0,1,0.5578698922083575,0.1326503831363568,0.0170373889153493,2
3,5.0,13.0,3.26,6.22,149.0,0.5,0,0,0,0,0,1,-0.4535318668790933,-0.0377921300975009,0.7475682230800199,2
6,20.0,16.0,4.0,5.88,299.0,2.0,0,0,0,0,0,1,0.5578698922083575,0.1326503831363568,0.0170373889153493,2
4,24.0,16.0,3.26,6.3,219.0,1.0,0,0,0,0,0,1,0.5578698922083575,0.1326503831363568,0.0170373889153493,2
6,12.0,16.0,3.315,6.3,249.0,1.0,0,0,0,0,0,1,0.5578698922083575,0.1326503831363568,0.0170373889153493,2
8,16.0,64.0,4.5,6.38,299.0,2.0,0,0,0,0,0,1,-0.2689523254000455,0.0898614060193469,-0.279936783267755,2
8,16.0,50.0,5.0,6.67,349.0,2.0,0,0,0,0,0,1,0.5578698922083575,0.1326503831363568,0.0170373889153493,2
4,16.0,50.0,5.0,6.6,179.0,2.0,0,0,0,1,0,0,-0.326810310876566,-0.1056038104605372,0.5356106203590908,2
8,32.0,50.0,5.2,6.8,269.0,4.0,0,0,0,1,0,0,-0.3347320556557129,-0.1058120868131015,0.5579325231646707,2
3,5.0,8.0,5.0,6.52,89.0,1.0,0,0,0,1,0,0,-0.0800146154968199,-0.2908026220352449,-0.0712014797258814,2
6,16.0,50.0,5.0,6.6,229.0,2.0,0,0,0,1,0,0,-0.6504965310424556,0.4572659825580791,-0.1759989308699978,2
6,16.0,50.0,5.0,6.6,199.0,2.0,0,0,0,1,0,0,-0.6504965310424556,0.4572659825580791,-0.1759989308699978,2
6,12.0,50.0,7.5,10.9,299.0,2.0,0,0,0,1,0,0,-0.3121195571749495,-0.1051194024651052,0.4917734575256397,2
3,5.0,8.0,5.0,6.52,99.0,1.0,0,0,0,1,0,0,-0.0800146154968199,-0.2908026220352449,-0.0712014797258814,2
8,13.0,50.0,8.0,11.0,349.0,4.0,0,0,0,1,0,0,-0.2706640005767622,-0.0589527084956027,0.2244844083612587,2
4,8.0,13.0,5.0,6.6,129.0,1.0,0,0,0,1,0,0,-0.4535318668790933,-0.0377921300975009,0.7475682230800199,2
8,10.8,50.0,4.6,6.3,799.0,2.0,0,0,0,1,0,0,-0.0643726586945279,-0.1751780461665251,-0.0377845952467536,2
8,10.5,64.0,4.385,6.1,549.0,2.0,0,0,0,1,0,0,-0.0643726586945279,-0.1751780461665251,-0.0377845952467536,2
8,8.0,13.0,9.51,11.61,549.0,2.0,0,0,0,1,0,0,-0.4013013722895371,0.1828504902929748,-0.1333775665862674,2
8,8.0,13.0,9.51,11.61,499.0,2.0,0,0,0,1,0,0,-0.4013013722895371,0.1828504902929748,-0.1333775665862674,2
8,16.0,20.0,3.3,5.5,599.0,2.0,0,0,0,1,0,0,0.5578698922083575,0.1326503831363568,0.0170373889153493,2
6,16.0,20.0,3.3,6.28,599.0,2.0,0,0,0,1,0,0,0.5578698922083575,0.1326503831363568,0.0170373889153493,2
8,16.0,50.0,4.5,6.7,599.0,2.0,0,0,0,1,0,0,-0.6504965310424556,0.4572659825580791,-0.1759989308699978,2
4,16.0,50.0,5.0,6.6,179.0,2.0,0,0,0,1,0,0,-0.326810310876566,-0.1056038104605372,0.5356106203590908,2
6,16.0,50.0,5.0,6.6,199.0,2.0,0,0,0,1,0,0,-0.326810310876566,-0.1056038104605372,0.5356106203590908,2
8,32.0,50.0,5.2,6.8,269.0,4.0,0,0,0,1,0,0,-0.3347320556557129,-0.1058120868131015,0.5579325231646707,2
6,32.0,50.0,5.0,6.7,349.0,2.0,0,0,0,1,0,0,-0.3347320556557129,-0.1058120868131015,0.5579325231646707,2
8,16.0,50.0,6.0,6.8,299.0,4.0,0,0,0,1,0,0,-0.3347320556557129,-0.1058120868131015,0.5579325231646707,2
4,16.0,50.0,5.0,6.6,179.0,2.0,0,0,0,1,0,0,-0.326810310876566,-0.1056038104605372,0.5356106203590908,2
3,5.0,8.0,5.0,6.52,99.0,1.0,0,0,0,1,0,0,-0.0800146154968199,-0.2908026220352449,-0.0712014797258814,2
4,16.0,50.0,5.0,6.6,149.0,2.0,0,0,0,1,0,0,-0.326810310876566,-0.1056038104605372,0.5356106203590908,2
8,16.0,50.0,6.0,6.8,349.0,4.0,0,0,0,1,0,0,-0.4380862416265888,0.2271264718942014,-0.1480068337799443,2
6,16.0,16.0,3.3,6.01,649.0,2.0,0,0,0,1,0,0,0.5578698922083575,0.1326503831363568,0.0170373889153493,2
6,16.0,48.0,3.7,6.41,599.0,2.0,0,0,0,1,0,0,0.5578698922083575,0.1326503831363568,0.0170373889153493,2
8,16.0,48.0,4.3,6.55,649.0,2.0,0,0,0,1,0,0,0.5578698922083575,0.1326503831363568,0.0170373889153493,2
6,16.0,64.0,4.3,6.49,299.0,2.0,0,0,0,1,0,0,0.4586492061013163,0.0509748913721046,-0.0048436537573316,2
4,8.0,13.0,5.0,6.52,179.0,1.0,0,0,0,1,0,0,0.4586492061013163,0.0509748913721046,-0.0048436537573316,2
6,16.0,64.0,4.5,6.43,299.0,2.0,0,0,0,1,0,0,0.5578698922083575,0.1326503831363568,0.0170373889153493,2
6,16.0,48.0,4.115,6.44,349.0,2.0,0,0,0,1,0,0,0.1738916235994042,-0.0762626132424257,-0.0224287301825845,2
8,16.0,64.0,4.5,6.43,299.0,2.0,0,0,0,1,0,0,-0.4064153291580947,0.189565605024851,-0.1403075406229228,2
6,16.0,64.0,5.0,6.59,249.0,2.0,0,0,0,1,0,0,-0.4058897902889868,0.1886617204774248,-0.1421812509209951,2
8,16.0,48.0,4.5,6.55,599.0,2.0,0,0,0,1,0,0,0.5578698922083575,0.1326503831363568,0.0170373889153493,2
4,5.0,8.0,6.0,9.7,219.0,2.0,0,0,0,1,0,0,-0.0800146154968199,-0.2908026220352449,-0.0712014797258814,2
8,16.0,50.0,8.0,10.4,399.0,2.0,0,0,0,1,0,0,-0.4380862416265888,0.2271264718942014,-0.1480068337799443,2
6,8.0,13.0,7.0,10.1,299.0,2.0,0,0,0,1,0,0,-0.3347320556557129,-0.1058120868131015,0.5579325231646707,2
8,16.0,50.0,6.0,6.8,329.0,4.0,0,0,0,1,0,0,-0.3347320556557129,-0.1058120868131015,0.5579325231646707,2
6,32.0,50.0,5.0,6.7,349.0,2.0,0,0,0,1,0,0,-0.3347320556557129,-0.1058120868131015,0.5579325231646707,2
6,32.0,50.0,5.0,6.7,349.0,2.0,0,0,0,1,0,0,-0.3347320556557129,-0.1058120868131015,0.5579325231646707,2
8,32.0,50.0,5.0,6.7,449.0,4.0,0,0,0,1,0,0,-0.3347320556557129,-0.1058120868131015,0.5579325231646707,2
3,5.0,8.0,5.0,6.52,89.0,1.0,0,0,0,1,0,0,-0.0800146154968199,-0.2908026220352449,-0.0712014797258814,2
3,5.0,8.0,5.0,6.52,99.0,1.0,0,0,0,1,0,0,-0.0800146154968199,-0.2908026220352449,-0.0712014797258814,2
4,16.0,50.0,5.0,6.6,149.0,2.0,0,0,0,1,0,0,-0.326810310876566,-0.1056038104605372,0.5356106203590908,2
8,16.0,48.0,4.5,6.55,649.0,2.0,0,0,0,1,0,0,0.1742220738172441,-0.0769565423031832,-0.0225399128846429,2
4,8.0,13.0,5.0,6.52,179.0,1.0,0,0,0,1,0,0,0.4586492061013163,0.0509748913721046,-0.0048436537573316,2
4,16.0,13.0,5.0,6.49,199.0,1.0,0,0,0,1,0,0,0.5578698922083575,0.1326503831363568,0.0170373889153493,2
8,16.0,48.0,4.5,6.55,599.0,2.0,0,0,0,1,0,0,0.1742220738172441,-0.0769565423031832,-0.0225399128846429,2
8,16.0,64.0,5.0,6.72,249.0,2.0,0,0,0,1,0,0,-0.6504965310424556,0.4572659825580791,-0.1759989308699978,2
8,16.0,108.0,5.0,6.72,299.0,2.0,0,0,0,1,0,0,0.216455098525416,-0.0689846274536574,-0.023635660832013,2
8,32.0,108.0,5.0,6.78,229.0,2.0,0,0,0,1,0,0,-0.3347320556557129,-0.1058120868131015,0.5579325231646707,2
4,8.0,13.0,5.0,6.6,159.0,2.0,0,0,0,1,0,0,-0.0800146154968199,-0.2908026220352449,-0.0712014797258814,2
8,32.0,50.0,5.0,6.78,199.0,2.0,0,0,0,1,0,0,-0.4535318668790933,-0.0377921300975009,0.7475682230800199,2
8,32.0,50.0,5.0,6.78,279.0,2.0,0,0,0,1,0,0,-0.3347320556557129,-0.1058120868131015,0.5579325231646707,2
8,16.0,50.0,5.0,6.8,269.0,2.0,0,0,0,1,0,0,-0.3347320556557129,-0.1058120868131015,0.5579325231646707,2
8,16.0,50.0,5.2,6.78,289.0,2.0,0,0,0,1,0,0,-0.4380862416265888,0.2271264718942014,-0.1480068337799443,2
4,8.0,50.0,5.0,6.6,179.0,2.0,0,0,0,1,0,0,-0.0800146154968199,-0.2908026220352449,-0.0712014797258814,2
6,8.0,50.0,5.0,6.78,219.0,2.0,0,0,0,1,0,0,-0.326810310876566,-0.1056038104605372,0.5356106203590908,2
6,8.0,50.0,5.0,6.82,199.0,2.0,0,0,0,1,0,0,-0.326810310876566,-0.1056038104605372,0.5356106203590908,2
4,8.0,13.0,5.0,6.6,139.0,1.0,0,0,0,1,0,0,-0.4535318668790933,-0.0377921300975009,0.7475682230800199,2
8,8.0,50.0,5.0,6.6,199.0,2.0,0,0,0,1,0,0,-0.0800146154968199,-0.2908026220352449,-0.0712014797258814,2
4,8.0,13.0,6.0,6.82,159.0,2.0,0,0,0,1,0,0,-0.0800146154968199,-0.2908026220352449,-0.0712014797258814,2
6,8.0,13.0,5.0,6.82,179.0,2.0,0,0,0,1,0,0,-0.326810310876566,-0.1056038104605372,0.5356106203590908,2
8,8.0,50.0,5.0,6.78,239.0,2.0,0,0,0,1,0,0,-0.4380862416265888,0.2271264718942014,-0.1480068337799443,2
4,8.0,16.0,6.0,6.82,179.0,2.0,0,0,0,1,0,0,-0.4535318668790933,-0.0377921300975009,0.7475682230800199,2
4,8.0,13.0,5.0,6.6,159.0,2.0,0,0,0,1,0,0,-0.0800146154968199,-0.2908026220352449,-0.0712014797258814,2
4,8.0,13.0,5.0,6.6,159.0,2.0,0,0,0,1,0,0,-0.0800146154968199,-0.2908026220352449,-0.0712014797258814,2
8,8.0,50.0,5.0,6.78,199.0,2.0,0,0,0,1,0,0,-0.4535318668790933,-0.0377921300975009,0.7475682230800199,2
8,32.0,108.0,5.0,6.78,279.0,2.0,0,0,0,1,0,0,-0.3347320556557129,-0.1058120868131015,0.5579325231646707,2
8,16.0,48.0,4.5,6.85,249.0,2.0,0,0,0,1,0,0,-0.4535318668790933,-0.0377921300975009,0.7475682230800199,2
6,16.0,64.0,5.2,6.95,229.0,2.0,0,0,0,1,0,0,-0.3121195571749495,-0.1051194024651052,0.4917734575256397,2
6,8.0,48.0,5.2,6.78,199.0,2.0,0,0,0,1,0,0,-0.3121195571749495,-0.1051194024651052,0.4917734575256397,2
2,5.0,8.0,5.0,6.1,79.0,0.5,0,0,0,1,0,0,-0.4535318668790933,-0.0377921300975009,0.7475682230800199,2
6,8.0,50.0,5.0,6.78,189.0,2.0,0,0,0,1,0,0,-0.4535318668790933,-0.0377921300975009,0.7475682230800199,2
4,8.0,13.0,6.0,6.82,169.0,2.0,0,0,0,1,0,0,-0.4535318668790933,-0.0377921300975009,0.7475682230800199,2
4,8.0,13.0,5.2,6.6,159.0,2.0,0,0,0,1,0,0,-0.4535318668790933,-0.0377921300975009,0.7475682230800199,2
4,8.0,13.0,6.0,6.82,139.0,1.0,0,0,0,1,0,0,-0.4535318668790933,-0.0377921300975009,0.7475682230800199,2
3,8.0,13.0,5.0,6.6,109.0,1.0,0,0,0,1,0,0,-0.4535318668790933,-0.0377921300975009,0.7475682230800199,2
6,8.0,48.0,6.0,6.82,179.0,2.0,0,0,0,1,0,0,-0.326810310876566,-0.1056038104605372,0.5356106203590908,2
6,8.0,48.0,6.0,6.82,169.0,2.0,0,0,0,1,0,0,-0.326810310876566,-0.1056038104605372,0.5356106203590908,2
4,8.0,48.0,5.0,6.82,149.0,2.0,0,0,0,1,0,0,-0.4535318668790933,-0.0377921300975009,0.7475682230800199,2
4,8.0,13.0,5.0,6.6,139.0,1.0,0,0,0,1,0,0,-0.4535318668790933,-0.0377921300975009,0.7475682230800199,2
6,8.0,50.0,5.0,6.6,239.0,2.0,0,0,0,1,0,0,-0.4380862416265888,0.2271264718942014,-0.1480068337799443,2
8,8.0,50.0,5.0,6.78,219.0,2.0,0,0,0,1,0,0,-0.4535318668790933,-0.0377921300975009,0.7475682230800199,2
4,8.0,13.0,6.0,6.82,159.0,2.0,0,0,0,1,0,0,-0.4535318668790933,-0.0377921300975009,0.7475682230800199,2
8,16.0,50.0,5.0,6.72,399.0,2.0,0,0,0,1,0,0,0.5578698922083575,0.1326503831363568,0.0170373889153493,2
2,2.0,5.0,5.0,8.0,99.0,0.25,0,0,0,0,1,0,0.1609785382756525,-0.102254003324282,-0.0334760230464793,2
2,2.0,5.0,5.0,10.1,129.0,0.25,0,0,0,0,1,0,-0.0643726586945279,-0.1751780461665251,-0.0377845952467536,2
4,5.0,13.0,5.05,8.0,499.0,1.0,0,0,0,0,1,0,-0.0892111184731423,-0.4039021293559294,-0.1139592202997599,2
6,8.0,13.0,7.6,10.1,649.0,2.0,0,0,0,0,1,0,0.1900628272400781,-0.0740556827759291,-0.0227801015458115,2
6,5.0,13.0,5.05,8.0,549.0,2.0,0,0,0,0,1,0,-0.0892111184731423,-0.4039021293559294,-0.1139592202997599,2
3,2.0,8.0,5.1,8.7,149.0,0.5,0,0,0,0,1,0,-0.4535318668790933,-0.0377921300975009,0.7475682230800199,2
4,5.0,8.0,7.04,10.5,199.0,1.0,0,0,0,0,1,0,-0.0800146154968199,-0.2908026220352449,-0.0712014797258814,2
4,2.0,8.0,5.1,8.7,179.0,1.0,0,0,0,0,1,0,-0.3347320556557129,-0.1058120868131015,0.5579325231646707,2
8,5.0,8.0,7.04,11.0,229.0,2.0,0,0,0,0,1,0,0.216455098525416,-0.0689846274536574,-0.023635660832013,2
8,12.0,13.0,8.0,11.0,699.0,2.0,0,0,0,0,1,0,0.6284119102491342,0.2423707647191008,0.0513083769009827,2
8,16.0,50.0,4.0,6.72,599.0,2.0,0,1,0,0,0,0,-0.6504965310424556,0.4572659825580791,-0.1759989308699978,2
4,8.0,48.0,5.0,6.67,229.0,2.0,0,1,0,0,0,0,-0.077069790825457,-0.2636900274928676,-0.0627807621568269,2
6,16.0,64.0,4.3,6.81,349.0,2.0,0,1,0,0,0,0,-0.6504965310424556,0.4572659825580791,-0.1759989308699978,2
8,8.0,48.0,5.0,7.09,379.0,2.0,0,1,0,0,0,0,-0.6504965310424556,0.4572659825580791,-0.1759989308699978,2
6,16.0,40.0,4.3,6.63,319.0,2.0,0,1,0,0,0,0,-0.0709058458011283,-0.2528936107733146,-0.0600929088895568,2
6,16.0,64.0,4.0,6.5,349.0,2.0,0,1,0,0,0,0,-0.0709058458011283,-0.2528936107733146,-0.0600929088895568,2
4,8.0,48.0,3.75,6.5,219.0,2.0,0,1,0,0,0,0,-0.077069790825457,-0.2636900274928676,-0.0627807621568269,2
3,8.0,13.0,5.0,6.6,99.0,1.0,0,0,0,1,0,0,-0.4535318668790933,-0.0377921300975009,0.7475682230800199,2
8,48.0,64.0,4.5,6.85,279.0,2.0,0,0,0,1,0,0,-0.4535318668790933,-0.0377921300975009,0.7475682230800199,2
4,8.0,16.0,5.2,6.78,159.0,2.0,0,0,0,1,0,0,-0.4535318668790933,-0.0377921300975009,0.7475682230800199,2
6,5.0,13.0,5.0,6.74,229.0,2.0,0,1,0,0,0,0,-0.4085105549335135,0.1931551039200043,-0.1328781372765775,2
6,5.0,13.0,5.0,6.52,179.0,2.0,0,1,0,0,0,0,-0.4535318668790933,-0.0377921300975009,0.7475682230800199,2
8,8.0,64.0,5.0,7.09,499.0,2.0,0,1,0,0,0,0,-0.4058897902889868,0.1886617204774248,-0.1421812509209951,2
6,16.0,48.0,4.0,6.7,299.0,2.0,0,1,0,0,0,0,-0.4380862416265888,0.2271264718942014,-0.1480068337799443,2
6,16.0,48.0,4.8,6.81,379.0,2.0,0,1,0,0,0,0,0.2933975629234231,-0.0464520653063719,-0.0235208407644682,2
8,16.0,64.0,4.3,6.67,449.0,2.0,0,1,0,0,0,0,-0.4058897902889868,0.1886617204774248,-0.1421812509209951,2
6,8.0,13.0,5.0,6.5,219.0,2.0,0,1,0,0,0,0,-0.0800146154968199,-0.2908026220352449,-0.0712014797258814,2
8,16.0,64.0,3.8,6.53,319.0,2.0,0,1,0,0,0,0,-0.6504965310424556,0.4572659825580791,-0.1759989308699978,2
6,16.0,64.0,4.0,6.6,299.0,2.0,0,1,0,0,0,0,-0.4085105549335135,0.1931551039200043,-0.1328781372765775,2
6,16.0,64.0,4.3,6.67,379.0,2.0,0,1,0,0,0,0,-0.4058897902889868,0.1886617204774248,-0.1421812509209951,2
8,12.0,13.0,10.09,12.4,899.0,4.0,0,0,0,0,1,0,0.6284119102491342,0.2423707647191008,0.0513083769009827,2
6,12.0,8.0,8.0,10.9,549.0,2.0,0,0,0,0,1,0,-0.0892111184731423,-0.4039021293559294,-0.1139592202997599,2
8,12.0,13.0,8.4,11.0,799.0,2.0,0,0,0,0,1,0,0.6284119102491342,0.2423707647191008,0.0513083769009827,2
4,8.0,16.0,2.6,5.2,249.0,0.5,0,0,0,0,1,0,0.5578698922083575,0.1326503831363568,0.0170373889153493,2
4,16.0,16.0,3.3,5.7,299.0,1.0,0,0,0,0,1,0,0.5578698922083575,0.1326503831363568,0.0170373889153493,2
6,16.0,16.0,4.0,6.0,399.0,1.0,0,0,0,0,1,0,0.5578698922083575,0.1326503831363568,0.0170373889153493,2
2,5.0,13.0,3.0,5.5,129.0,0.25,0,0,0,0,1,0,-0.0892111184731423,-0.4039021293559294,-0.1139592202997599,2
4,8.0,13.0,3.3,6.0,169.0,1.0,0,0,0,0,1,0,0.5578698922083575,0.1326503831363568,0.0170373889153493,2
3,13.0,13.0,3.6,5.5,179.0,1.0,0,0,0,0,1,0,-0.0892111184731423,-0.4039021293559294,-0.1139592202997599,2
4,16.0,16.0,3.5,6.0,199.0,1.0,0,0,0,0,1,0,0.5578698922083575,0.1326503831363568,0.0170373889153493,2
4,5.0,16.0,3.0,5.3,249.0,1.0,0,0,0,0,1,0,-0.0892111184731423,-0.4039021293559294,-0.1139592202997599,2
6,13.0,50.0,4.05,6.6,499.0,2.0,0,0,0,0,1,0,-0.0892111184731423,-0.4039021293559294,-0.1139592202997599,2
8,10.0,12.0,3.5,6.3,899.0,2.0,0,0,0,0,1,0,-0.0892111184731423,-0.4039021293559294,-0.1139592202997599,2
8,10.0,12.0,3.5,6.3,949.0,4.0,0,0,0,0,1,0,-0.0892111184731423,-0.4039021293559294,-0.1139592202997599,2
4,13.0,50.0,6.0,6.6,299.0,4.0,0,0,0,0,1,0,-0.0892111184731423,-0.4039021293559294,-0.1139592202997599,2
4,13.0,50.0,6.0,6.6,249.0,2.0,0,0,0,0,1,0,-0.0892111184731423,-0.4039021293559294,-0.1139592202997599,2
6,13.0,50.0,6.0,6.5,349.0,4.0,0,0,0,0,1,0,-0.0892111184731423,-0.4039021293559294,-0.1139592202997599,2
6,13.0,50.0,6.0,6.5,299.0,2.0,0,0,0,0,1,0,-0.0892111184731423,-0.4039021293559294,-0.1139592202997599,2
4,5.0,13.0,5.0,6.5,249.0,2.0,0,0,0,0,1,0,-0.4535318668790933,-0.0377921300975009,0.7475682230800199,2
6,5.0,13.0,5.2,6.74,199.0,2.0,0,1,0,0,0,0,-0.6504965310424556,0.4572659825580791,-0.1759989308699978,2
4,5.0,13.0,5.2,6.74,159.0,2.0,0,1,0,0,0,0,-0.4535318668790933,-0.0377921300975009,0.7475682230800199,2
6,8.0,50.0,4.0,6.7,279.0,2.0,0,1,0,0,0,0,-0.4085105549335135,0.1931551039200043,-0.1328781372765775,2
6,8.0,50.0,5.1,6.67,299.0,2.0,0,1,0,0,0,0,0.2933975629234231,-0.0464520653063719,-0.0235208407644682,2
4,5.0,13.0,5.0,6.52,149.0,2.0,0,1,0,0,0,0,-0.4535318668790933,-0.0377921300975009,0.7475682230800199,2
6,8.0,100.0,4.5,6.7,249.0,2.0,0,1,0,0,0,0,-0.6504965310424556,0.4572659825580791,-0.1759989308699978,2
6,8.0,108.0,5.8,6.78,299.0,2.0,0,1,0,0,0,0,0.5992108286198022,0.1823648629787209,0.0309190883881871,2
6,5.0,50.0,5.2,6.74,189.0,2.0,0,1,0,0,0,0,-0.6504965310424556,0.4572659825580791,-0.1759989308699978,2
4,5.0,13.0,5.0,6.52,149.0,2.0,0,1,0,0,0,0,-0.4535318668790933,-0.0377921300975009,0.7475682230800199,2
6,8.0,100.0,4.5,6.7,249.0,2.0,0,1,0,0,0,0,-0.6504965310424556,0.4572659825580791,-0.1759989308699978,2
6,8.0,108.0,5.8,6.78,299.0,2.0,0,1,0,0,0,0,0.5992108286198022,0.1823648629787209,0.0309190883881871,2
4,5.0,13.0,5.0,6.5,199.0,1.0,0,0,0,0,1,0,-0.4535318668790933,-0.0377921300975009,0.7475682230800199,2
4,13.0,50.0,6.0,6.6,299.0,4.0,0,0,0,0,1,0,-0.0892111184731423,-0.4039021293559294,-0.1139592202997599,2
4,13.0,50.0,6.0,6.6,249.0,2.0,0,0,0,0,1,0,-0.0892111184731423,-0.4039021293559294,-0.1139592202997599,2
6,13.0,50.0,6.0,6.5,349.0,4.0,0,0,0,0,1,0,-0.0892111184731423,-0.4039021293559294,-0.1139592202997599,2
6,13.0,50.0,6.0,6.5,299.0,2.0,0,0,0,0,1,0,-0.0892111184731423,-0.4039021293559294,-0.1139592202997599,2
4,5.0,50.0,5.0,6.5,249.0,2.0,0,0,0,0,1,0,-0.0892111184731423,-0.4039021293559294,-0.1139592202997599,2
4,5.0,50.0,5.0,6.5,199.0,1.0,0,0,0,0,1,0,-0.0892111184731423,-0.4039021293559294,-0.1139592202997599,2
4,13.0,50.0,5.0,6.6,299.0,4.0,0,0,0,0,1,0,-0.0892111184731423,-0.4039021293559294,-0.1139592202997599,2
4,13.0,50.0,5.0,6.6,249.0,2.0,0,0,0,0,1,0,-0.0892111184731423,-0.4039021293559294,-0.1139592202997599,2
6,13.0,50.0,5.0,6.5,349.0,4.0,0,0,0,0,1,0,-0.3347320556557129,-0.1058120868131015,0.5579325231646707,2
6,13.0,50.0,5.0,6.5,299.0,2.0,0,0,0,0,1,0,-0.3347320556557129,-0.1058120868131015,0.5579325231646707,2
6,13.0,48.0,5.0,6.6,399.0,4.0,0,0,0,0,1,0,-0.6504965310424556,0.4572659825580791,-0.1759989308699978,2
6,13.0,48.0,5.0,6.6,349.0,2.0,0,0,0,0,1,0,-0.6504965310424556,0.4572659825580791,-0.1759989308699978,2
8,8.0,13.0,8.3,12.1,399.0,2.0,0,1,0,0,0,0,0.5992108286198022,0.1823648629787209,0.0309190883881871,2
8,8.0,13.0,8.5,12.1,649.0,2.0,0,1,0,0,0,0,-0.4013013722895371,0.1828504902929748,-0.1333775665862674,2
6,5.0,13.0,7.25,11.0,449.0,2.0,0,1,0,0,0,0,-0.6504965310424556,0.4572659825580791,-0.1759989308699978,2
3,2.0,5.0,5.0,9.7,149.0,2.0,0,1,0,0,0,0,-0.4836873499703001,0.1491716627658956,0.300824765357901,2
4,2.0,5.0,5.1,10.1,189.0,2.0,0,1,0,0,0,0,-0.3121195571749495,-0.1051194024651052,0.4917734575256397,2
6,5.0,5.0,7.25,12.0,299.0,2.0,0,1,0,0,0,0,0.4586492061013163,0.0509748913721046,-0.0048436537573316,2
8,8.0,13.0,7.25,11.0,499.0,2.0,0,1,0,0,0,0,-0.6504965310424556,0.4572659825580791,-0.1759989308699978,2
6,8.0,13.0,7.25,10.4,399.0,2.0,0,1,0,0,0,0,-0.6504965310424556,0.4572659825580791,-0.1759989308699978,2
4,2.0,5.0,5.1,10.1,229.0,2.0,0,1,0,0,0,0,-0.3121195571749495,-0.1051194024651052,0.4917734575256397,2
3,2.0,5.0,5.1,9.7,159.0,2.0,0,1,0,0,0,0,-0.4836873499703001,0.1491716627658956,0.300824765357901,2
4,2.0,5.0,5.1,10.1,199.0,2.0,0,1,0,0,0,0,0.4586492061013163,0.0509748913721046,-0.0048436537573316,2
6,5.0,50.0,5.2,6.74,189.0,2.0,0,1,0,0,0,0,-0.6504965310424556,0.4572659825580791,-0.1759989308699978,2
4,16.0,48.0,5.0,6.67,199.0,1.0,0,0,0,1,0,0,0.5578698922083575,0.1326503831363568,0.0170373889153493,2
6,20.0,64.0,4.7,6.67,499.0,2.0,0,0,0,1,0,0,0.5578698922083575,0.1326503831363568,0.0170373889153493,2
8,8.0,13.0,8.5,12.1,649.0,2.0,0,1,0,0,0,0,-0.4013013722895371,0.1828504902929748,-0.1333775665862674,2
12,12.0,16.0,10.5,13.0,799.0,2.0,0,1,0,0,0,0,0.5992108286198022,0.1823648629787209,0.0309190883881871,2
8,8.0,13.0,9.0,12.6,499.0,2.0,0,1,0,0,0,0,0.4118426412134937,0.0779514224898054,0.0109658944353637,2
6,5.0,8.0,8.85,12.1,399.0,2.0,0,1,0,0,0,0,0.4586492061013163,0.0509748913721046,-0.0048436537573316,2
12,12.0,16.0,10.5,13.5,999.0,2.0,0,1,0,0,0,0,0.5992108286198022,0.1823648629787209,0.0309190883881871,2
8,8.0,13.0,8.5,12.1,649.0,2.0,0,1,0,0,0,0,-0.4013013722895371,0.1828504902929748,-0.1333775665862674,2
8,8.0,13.0,8.0,11.6,399.0,2.0,0,1,0,0,0,0,0.4118426412134937,0.0779514224898054,0.0109658944353637,2
3,2.0,5.0,5.1,9.7,129.0,2.0,0,1,0,0,0,0,-0.4836873499703001,0.1491716627658956,0.300824765357901,2
4,2.0,5.0,5.0,9.7,149.0,2.0,0,1,0,0,0,0,-0.4836873499703001,0.1491716627658956,0.300824765357901,2
12,8.0,13.0,10.0,13.0,799.0,2.0,0,1,0,0,0,0,0.5992108286198022,0.1823648629787209,0.0309190883881871,2
4,2.0,5.0,5.1,10.1,189.0,2.0,0,1,0,0,0,0,-0.3121195571749495,-0.1051194024651052,0.4917734575256397,2
6,5.0,8.0,7.25,11.5,299.0,2.0,0,1,0,0,0,0,0.4586492061013163,0.0509748913721046,-0.0048436537573316,2
12,8.0,13.0,9.0,12.6,499.0,2.0,0,1,0,0,0,0,-0.6504965310424556,0.4572659825580791,-0.1759989308699978,2
6,32.0,50.0,5.0,6.4,399.0,2.0,0,0,0,0,1,0,-0.0892111184731423,-0.4039021293559294,-0.1139592202997599,2
8,10.0,50.0,3.8,6.1,699.0,2.0,0,0,0,0,1,0,-0.0892111184731423,-0.4039021293559294,-0.1139592202997599,2
8,10.0,50.0,4.5,6.6,799.0,2.0,0,0,0,0,1,0,-0.0892111184731423,-0.4039021293559294,-0.1139592202997599,2
6,16.0,64.0,5.0,6.67,349.0,2.0,0,0,0,1,0,0,0.6284119102491342,0.2423707647191008,0.0513083769009827,2
4,13.0,64.0,5.0,6.43,229.0,2.0,0,0,0,1,0,0,-0.4535318668790933,-0.0377921300975009,0.7475682230800199,2
4,5.0,50.0,5.0,6.58,199.0,2.0,0,0,0,1,0,0,-0.3347320556557129,-0.1058120868131015,0.5579325231646707,2
6,16.0,64.0,5.0,6.43,219.0,2.0,0,0,0,1,0,0,-0.4535318668790933,-0.0377921300975009,0.7475682230800199,2
6,16.0,108.0,5.0,6.67,299.0,2.0,0,0,0,1,0,0,0.216455098525416,-0.0689846274536574,-0.023635660832013,2
6,20.0,64.0,4.5,6.67,349.0,2.0,0,0,0,1,0,0,0.5578698922083575,0.1326503831363568,0.0170373889153493,2
4,16.0,50.0,5.0,6.6,219.0,2.0,0,0,0,1,0,0,-0.4380862416265888,0.2271264718942014,-0.1480068337799443,2
6,16.0,64.0,5.0,6.6,279.0,2.0,0,0,0,1,0,0,-0.6504965310424556,0.4572659825580791,-0.1759989308699978,2
6,16.0,64.0,5.065,6.67,399.0,2.0,0,0,0,1,0,0,-0.4064153291580947,0.189565605024851,-0.1403075406229228,2
4,8.0,48.0,5.0,6.5,199.0,1.0,0,0,0,1,0,0,-0.4085105549335135,0.1931551039200043,-0.1328781372765775,2
6,20.0,48.0,5.16,6.67,249.0,2.0,0,0,0,1,0,0,0.5578698922083575,0.1326503831363568,0.0170373889153493,2
6,20.0,48.0,4.52,6.67,349.0,2.0,0,0,0,1,0,0,0.5578698922083575,0.1326503831363568,0.0170373889153493,2
4,8.0,48.0,6.0,6.53,149.0,1.0,0,0,0,1,0,0,0.5578698922083575,0.1326503831363568,0.0170373889153493,2
6,20.0,64.0,5.16,6.67,229.0,2.0,0,0,0,1,0,0,0.5578698922083575,0.1326503831363568,0.0170373889153493,2
8,12.0,50.0,4.0,6.1,799.0,2.0,0,0,0,0,1,0,-0.0892111184731423,-0.4039021293559294,-0.1139592202997599,2
8,12.0,50.0,4.8,6.6,899.0,2.0,0,0,0,0,1,0,-0.0892111184731423,-0.4039021293559294,-0.1139592202997599,2
