RAM,Front Camera,Back Camera,Battery Capacity,Screen Size,Launched Price (USA),ROM,Company_Apple,Company_Honor,Company_Oppo,Company_Other,Company_Samsung,Company_Vivo,Processor_vec1,Processor_vec2,Processor_vec3
6,1.2,4.8,3.6,6.1,7.99,2.0,1,0,0,0,0,0,-0.10538874259467099,-0.7102951547182604,-0.2983908407801599
6,1.2,4.8,3.6,6.1,8.49,4.0,1,0,0,0,0,0,-0.10538874259467099,-0.7102951547182604,-0.2983908407801599
6,1.2,4.8,3.6,6.1,8.99,8.0,1,0,0,0,0,0,-0.10538874259467099,-0.7102951547182604,-0.2983908407801599
6,1.2,4.8,4.2,6.7,8.99,2.0,1,0,0,0,0,0,-0.10538874259467099,-0.7102951547182604,-0.2983908407801599
6,1.2,4.8,4.2,6.7,9.49,4.0,1,0,0,0,0,0,-0.10538874259467099,-0.7102951547182604,-0.2983908407801599
6,1.2,4.8,4.2,6.7,9.99,8.0,1,0,0,0,0,0,-0.10538874259467099,-0.7102951547182604,-0.2983908407801599
6,1.2,5.0,4.4,6.1,9.99,2.0,1,0,0,0,0,0,-0.06437265869452799,-0.17517804616652513,-0.037784595246753615
8,1.2,5.0,4.4,6.1,10.49,4.0,1,0,0,0,0,0,-0.06437265869452799,-0.17517804616652513,-0.037784595246753615
8,1.2,5.0,4.4,6.1,10.99,8.0,1,0,0,0,0,0,-0.06437265869452799,-0.17517804616652513,-0.037784595246753615
6,1.2,4.8,4.5,6.7,10.99,2.0,1,0,0,0,0,0,-0.06437265869452799,-0.17517804616652513,-0.037784595246753615
8,1.2,4.8,4.5,6.7,11.99,4.0,1,0,0,0,0,0,-0.06437265869452799,-0.17517804616652513,-0.037784595246753615
8,1.2,4.8,4.5,6.7,12.99,8.0,1,0,0,0,0,0,-0.06437265869452799,-0.17517804616652513,-0.037784595246753615
6,1.2,4.8,3.2,6.1,7.99,2.0,1,0,0,0,0,0,-0.0942687895475548,-0.558327242690244,-0.22310992075279032
6,1.2,4.8,3.2,6.1,8.49,4.0,1,0,0,0,0,0,-0.0942687895475548,-0.558327242690244,-0.22310992075279032
6,1.2,4.8,3.2,6.1,9.49,8.0,1,0,0,0,0,0,-0.0942687895475548,-0.558327242690244,-0.22310992075279032
6,1.2,4.8,4.3,6.7,8.99,2.0,1,0,0,0,0,0,-0.0942687895475548,-0.558327242690244,-0.22310992075279032
6,1.2,4.8,4.3,6.7,9.99,4.0,1,0,0,0,0,0,-0.0942687895475548,-0.558327242690244,-0.22310992075279032
6,1.2,4.8,4.3,6.7,10.49,8.0,1,0,0,0,0,0,-0.0942687895475548,-0.558327242690244,-0.22310992075279032
6,1.2,4.8,4.4,6.1,10.99,2.0,1,0,0,0,0,0,-0.0942687895475548,-0.558327242690244,-0.22310992075279032
8,1.2,4.8,4.4,6.1,11.99,4.0,1,0,0,0,0,0,-0.0942687895475548,-0.558327242690244,-0.22310992075279032
8,1.2,4.8,4.4,6.1,12.99,8.0,1,0,0,0,0,0,-0.0942687895475548,-0.558327242690244,-0.22310992075279032
6,1.2,4.8,4.5,6.7,11.99,2.0,1,0,0,0,0,0,-0.0942687895475548,-0.558327242690244,-0.22310992075279032
8,1.2,4.8,4.5,6.7,12.99,4.0,1,0,0,0,0,0,-0.0942687895475548,-0.558327242690244,-0.22310992075279032
8,1.2,4.8,4.5,6.7,13.99,8.0,1,0,0,0,0,0,-0.0942687895475548,-0.558327242690244,-0.22310992075279032
6,1.2,1.2,3.2,6.1,7.99,2.0,1,0,0,0,0,0,-0.0942687895475548,-0.558327242690244,-0.22310992075279035
6,1.2,1.2,3.2,6.1,8.49,4.0,1,0,0,0,0,0,-0.0942687895475548,-0.558327242690244,-0.22310992075279035
6,1.2,1.2,3.2,6.1,9.49,8.0,1,0,0,0,0,0,-0.0942687895475548,-0.558327242690244,-0.22310992075279035
6,1.2,1.2,4.325,6.7,8.99,2.0,1,0,0,0,0,0,-0.0942687895475548,-0.558327242690244,-0.22310992075279035
6,1.2,1.2,4.325,6.7,9.99,4.0,1,0,0,0,0,0,-0.0942687895475548,-0.558327242690244,-0.22310992075279035
6,1.2,1.2,4.325,6.7,10.49,8.0,1,0,0,0,0,0,-0.0942687895475548,-0.558327242690244,-0.22310992075279035
6,1.2,4.8,4.2,6.1,10.99,2.0,1,0,0,0,0,0,-0.0942687895475548,-0.558327242690244,-0.22310992075279032
8,1.2,4.8,4.2,6.1,11.99,4.0,1,0,0,0,0,0,-0.0942687895475548,-0.558327242690244,-0.22310992075279032
8,1.2,4.8,4.2,6.1,12.99,8.0,1,0,0,0,0,0,-0.0942687895475548,-0.558327242690244,-0.22310992075279032
6,1.2,4.8,4.5,6.7,11.99,2.0,1,0,0,0,0,0,-0.0942687895475548,-0.558327242690244,-0.22310992075279032
8,1.2,4.8,4.5,6.7,12.99,4.0,1,0,0,0,0,0,-0.0942687895475548,-0.558327242690244,-0.22310992075279032
8,1.2,4.8,4.5,6.7,13.99,8.0,1,0,0,0,0,0,-0.0942687895475548,-0.558327242690244,-0.22310992075279032
4,1.2,1.2,2.438,5.4,6.99,2.0,1,0,0,0,0,0,-0.0942687895475548,-0.558327242690244,-0.22310992075279035
4,1.2,1.2,2.438,5.4,7.99,4.0,1,0,0,0,0,0,-0.0942687895475548,-0.558327242690244,-0.22310992075279035
4,1.2,1.2,2.438,5.4,8.99,8.0,1,0,0,0,0,0,-0.0942687895475548,-0.558327242690244,-0.22310992075279035
4,1.2,1.2,3.24,6.1,7.99,2.0,1,0,0,0,0,0,-0.0942687895475548,-0.558327242690244,-0.22310992075279035
4,1.2,1.2,3.24,6.1,8.99,4.0,1,0,0,0,0,0,-0.0942687895475548,-0.558327242690244,-0.22310992075279035
4,1.2,1.2,3.24,6.1,9.99,8.0,1,0,0,0,0,0,-0.0942687895475548,-0.558327242690244,-0.22310992075279035
6,1.2,1.2,3.095,6.1,9.99,2.0,1,0,0,0,0,0,-0.0942687895475548,-0.558327242690244,-0.22310992075279035
6,1.2,1.2,3.095,6.1,10.99,4.0,1,0,0,0,0,0,-0.0942687895475548,-0.558327242690244,-0.22310992075279035
6,1.2,1.2,3.095,6.1,11.99,8.0,1,0,0,0,0,0,-0.0942687895475548,-0.558327242690244,-0.22310992075279035
6,1.2,1.2,4.352,6.7,10.99,2.0,1,0,0,0,0,0,-0.0942687895475548,-0.558327242690244,-0.22310992075279035
6,1.2,1.2,4.352,6.7,11.99,4.0,1,0,0,0,0,0,-0.0942687895475548,-0.558327242690244,-0.22310992075279035
6,1.2,1.2,4.352,6.7,13.99,8.0,1,0,0,0,0,0,-0.0942687895475548,-0.558327242690244,-0.22310992075279035
4,1.2,1.2,2.227,5.4,6.99,1.0,1,0,0,0,0,0,-0.09201977163919003,-0.5285318602007915,-0.20853214787814825
4,1.2,1.2,2.227,5.4,7.99,2.0,1,0,0,0,0,0,-0.09201977163919003,-0.5285318602007915,-0.20853214787814825
4,1.2,1.2,2.227,5.4,8.99,4.0,1,0,0,0,0,0,-0.09201977163919003,-0.5285318602007915,-0.20853214787814825
4,1.2,1.2,2.815,6.1,7.99,1.0,1,0,0,0,0,0,-0.09201977163919003,-0.5285318602007915,-0.20853214787814825
4,1.2,1.2,2.815,6.1,8.99,2.0,1,0,0,0,0,0,-0.09201977163919003,-0.5285318602007915,-0.20853214787814825
4,1.2,1.2,2.815,6.1,9.99,4.0,1,0,0,0,0,0,-0.09201977163919003,-0.5285318602007915,-0.20853214787814825
6,1.2,1.2,2.815,6.1,9.99,2.0,1,0,0,0,0,0,-0.09201977163919003,-0.5285318602007915,-0.20853214787814825
6,1.2,1.2,2.815,6.1,10.99,4.0,1,0,0,0,0,0,-0.09201977163919003,-0.5285318602007915,-0.20853214787814825
6,1.2,1.2,2.815,6.1,11.99,8.0,1,0,0,0,0,0,-0.09201977163919003,-0.5285318602007915,-0.20853214787814825
6,1.2,1.2,3.687,6.7,10.99,2.0,1,0,0,0,0,0,-0.09201977163919003,-0.5285318602007915,-0.20853214787814825
6,1.2,1.2,3.687,6.7,11.99,4.0,1,0,0,0,0,0,-0.09201977163919003,-0.5285318602007915,-0.20853214787814825
6,1.2,1.2,3.687,6.7,13.99,8.0,1,0,0,0,0,0,-0.09201977163919003,-0.5285318602007915,-0.20853214787814825
4,1.2,1.2,3.11,6.1,6.99,1.0,1,0,0,0,0,0,-0.10538874259467099,-0.7102951547182604,-0.2983908407801599
4,1.2,1.2,3.11,6.1,7.99,2.0,1,0,0,0,0,0,-0.10538874259467099,-0.7102951547182604,-0.2983908407801599
4,1.2,1.2,3.11,6.1,8.99,4.0,1,0,0,0,0,0,-0.10538874259467099,-0.7102951547182604,-0.2983908407801599
4,1.2,1.2,3.046,5.8,9.99,1.0,1,0,0,0,0,0,-0.10538874259467099,-0.7102951547182604,-0.2983908407801599
4,1.2,1.2,3.046,5.8,10.99,4.0,1,0,0,0,0,0,-0.10538874259467099,-0.7102951547182604,-0.2983908407801599
4,1.2,1.2,3.046,5.8,11.99,8.0,1,0,0,0,0,0,-0.10538874259467099,-0.7102951547182604,-0.2983908407801599
4,1.2,1.2,3.969,6.5,10.99,1.0,1,0,0,0,0,0,-0.10538874259467099,-0.7102951547182604,-0.2983908407801599
4,1.2,1.2,3.969,6.5,11.99,4.0,1,0,0,0,0,0,-0.10538874259467099,-0.7102951547182604,-0.2983908407801599
4,1.2,1.2,3.969,6.5,13.99,8.0,1,0,0,0,0,0,-0.10538874259467099,-0.7102951547182604,-0.2983908407801599
3,0.7,1.2,2.716,5.8,9.99,1.0,1,0,0,0,0,0,-0.10538874259467099,-0.7102951547182604,-0.2983908407801599
3,0.7,1.2,2.716,5.8,10.99,4.0,1,0,0,0,0,0,-0.10538874259467099,-0.7102951547182604,-0.2983908407801599
4,0.7,1.2,2.658,5.8,9.99,1.0,1,0,0,0,0,0,-0.10538874259467099,-0.7102951547182604,-0.2983908407801599
4,0.7,1.2,2.658,5.8,10.99,4.0,1,0,0,0,0,0,-0.10538874259467099,-0.7102951547182604,-0.2983908407801599
4,0.7,1.2,2.658,5.8,12.99,8.0,1,0,0,0,0,0,-0.10538874259467099,-0.7102951547182604,-0.2983908407801599
4,0.7,1.2,3.174,6.5,10.99,1.0,1,0,0,0,0,0,-0.10538874259467099,-0.7102951547182604,-0.2983908407801599
4,0.7,1.2,3.174,6.5,12.49,4.0,1,0,0,0,0,0,-0.10538874259467099,-0.7102951547182604,-0.2983908407801599
4,0.7,1.2,3.174,6.5,13.99,8.0,1,0,0,0,0,0,-0.10538874259467099,-0.7102951547182604,-0.2983908407801599
3,0.7,1.2,2.942,6.1,7.49,1.0,1,0,0,0,0,0,-0.10538874259467099,-0.7102951547182604,-0.2983908407801599
3,0.7,1.2,2.942,6.1,7.99,2.0,1,0,0,0,0,0,-0.10538874259467099,-0.7102951547182604,-0.2983908407801599
3,0.7,1.2,2.942,6.1,8.99,4.0,1,0,0,0,0,0,-0.10538874259467099,-0.7102951547182604,-0.2983908407801599
4,1.2,1.2,7.608,10.9,5.99,1.0,1,0,0,0,0,0,-0.09201977163919003,-0.5285318602007915,-0.20853214787814825
4,1.2,1.2,7.608,10.9,7.49,4.0,1,0,0,0,0,0,-0.09201977163919003,-0.5285318602007915,-0.20853214787814825
3,1.2,0.8,8.612,10.2,3.29,0.5,1,0,0,0,0,0,-0.10538874259467099,-0.7102951547182604,-0.2983908407801599
3,1.2,0.8,8.612,10.2,4.29,2.0,1,0,0,0,0,0,-0.10538874259467099,-0.7102951547182604,-0.2983908407801599
3,0.7,0.8,5.124,7.9,3.99,1.0,1,0,0,0,0,0,-0.10538874259467099,-0.7102951547182604,-0.2983908407801599
3,0.7,0.8,5.124,7.9,4.99,4.0,1,0,0,0,0,0,-0.10538874259467099,-0.7102951547182604,-0.2983908407801599
4,0.7,1.2,7.812,11.0,7.99,2.0,1,0,0,0,0,0,-0.10538874259467099,-0.7102951547182604,-0.2983908407801599
4,0.7,1.2,7.812,11.0,8.99,4.0,1,0,0,0,0,0,-0.10538874259467099,-0.7102951547182604,-0.2983908407801599
6,0.7,1.2,7.812,11.0,10.99,8.0,1,0,0,0,0,0,-0.10538874259467099,-0.7102951547182604,-0.2983908407801599
6,0.7,1.2,9.72,12.9,9.99,2.0,1,0,0,0,0,0,-0.10538874259467099,-0.7102951547182604,-0.2983908407801599
6,0.7,1.2,9.72,12.9,10.99,4.0,1,0,0,0,0,0,-0.10538874259467099,-0.7102951547182604,-0.2983908407801599
6,0.7,1.2,9.72,12.9,12.99,8.0,1,0,0,0,0,0,-0.10538874259467099,-0.7102951547182604,-0.2983908407801599
6,0.7,1.2,10.307,13.0,10.99,2.0,1,0,0,0,0,0,-0.10538874259467099,-0.7102951547182604,-0.2983908407801599
6,0.7,1.2,10.307,13.0,11.99,4.0,1,0,0,0,0,0,-0.10538874259467099,-0.7102951547182604,-0.2983908407801599
6,0.7,1.2,10.307,13.0,13.99,8.0,1,0,0,0,0,0,-0.10538874259467099,-0.7102951547182604,-0.2983908407801599
6,0.7,1.2,10.307,13.0,15.99,16.0,1,0,0,0,0,0,-0.10538874259467099,-0.7102951547182604,-0.2983908407801599
6,0.7,1.2,10.307,13.0,17.99,32.0,1,0,0,0,0,0,-0.10538874259467099,-0.7102951547182604,-0.2983908407801599
12,1.2,20.0,5.0,6.8,11.99,2.0,0,0,0,0,1,0,-0.08921111847314232,-0.4039021293559294,-0.11395922029975991
12,1.2,20.0,5.0,6.8,12.99,4.0,0,0,0,0,1,0,-0.08921111847314232,-0.4039021293559294,-0.11395922029975991
8,1.2,5.0,4.8,6.6,8.99,2.0,0,0,0,0,1,0,-0.08921111847314232,-0.4039021293559294,-0.11395922029975991
8,1.2,5.0,4.8,6.6,9.99,4.0,0,0,0,0,1,0,-0.08921111847314232,-0.4039021293559294,-0.11395922029975991
8,1.2,5.0,4.0,6.1,7.99,2.0,0,0,0,0,1,0,-0.08921111847314232,-0.4039021293559294,-0.11395922029975991
8,1.2,5.0,4.0,6.1,8.99,4.0,0,0,0,0,1,0,-0.08921111847314232,-0.4039021293559294,-0.11395922029975991
12,1.2,20.0,5.0,6.8,11.99,2.0,0,0,0,0,1,0,0.6284119102491342,0.24237076471910088,0.051308376900982756
12,1.2,20.0,5.0,6.8,12.99,4.0,0,0,0,0,1,0,0.6284119102491342,0.24237076471910088,0.051308376900982756
8,1.2,5.0,4.7,6.6,8.99,2.0,0,0,0,0,1,0,0.6284119102491342,0.24237076471910088,0.051308376900982756
8,1.2,5.0,4.7,6.6,9.99,4.0,0,0,0,0,1,0,0.6284119102491342,0.24237076471910088,0.051308376900982756
8,1.2,5.0,3.9,6.1,7.99,2.0,0,0,0,0,1,0,0.6284119102491342,0.24237076471910088,0.051308376900982756
8,1.2,5.0,3.9,6.1,8.99,4.0,0,0,0,0,1,0,0.6284119102491342,0.24237076471910088,0.051308376900982756
12,1.0,10.8,5.0,6.8,10.99,2.0,0,0,0,0,1,0,-0.08921111847314232,-0.4039021293559294,-0.11395922029975991
12,1.0,10.8,5.0,6.8,11.99,4.0,0,0,0,0,1,0,-0.08921111847314232,-0.4039021293559294,-0.11395922029975991
8,1.0,5.0,4.5,6.6,7.99,2.0,0,0,0,0,1,0,-0.08921111847314232,-0.4039021293559294,-0.11395922029975991
8,1.0,5.0,4.5,6.6,8.99,4.0,0,0,0,0,1,0,-0.08921111847314232,-0.4039021293559294,-0.11395922029975991
8,1.0,5.0,3.8,6.1,6.99,2.0,0,0,0,0,1,0,-0.08921111847314232,-0.4039021293559294,-0.11395922029975991
8,1.0,5.0,3.8,6.1,7.99,4.0,0,0,0,0,1,0,-0.08921111847314232,-0.4039021293559294,-0.11395922029975991
12,1.0,5.0,4.4,7.6,17.99,4.0,0,0,0,0,1,0,0.6284119102491342,0.24237076471910088,0.051308376900982756
12,1.0,5.0,4.4,7.6,18.99,8.0,0,0,0,0,1,0,0.6284119102491342,0.24237076471910088,0.051308376900982756
8,1.2,1.2,3.7,6.7,9.99,4.0,0,0,0,0,1,0,0.6284119102491342,0.24237076471910088,0.051308376900982756
8,1.2,1.2,3.7,6.7,10.99,8.0,0,0,0,0,1,0,0.6284119102491342,0.24237076471910088,0.051308376900982756
12,1.0,5.0,4.4,7.6,17.99,4.0,0,0,0,0,1,0,0.6284119102491342,0.24237076471910088,0.051308376900982756
12,1.0,5.0,4.4,7.6,18.99,8.0,0,0,0,0,1,0,0.6284119102491342,0.24237076471910088,0.051308376900982756
8,1.0,1.2,3.7,6.7,9.99,4.0,0,0,0,0,1,0,0.6284119102491342,0.24237076471910088,0.051308376900982756
8,1.0,1.2,3.7,6.7,10.99,8.0,0,0,0,0,1,0,0.6284119102491342,0.24237076471910088,0.051308376900982756
6,3.2,5.0,5.0,6.4,3.99,2.0,0,0,0,0,1,0,-0.08921111847314232,-0.4039021293559294,-0.11395922029975991
6,3.2,5.0,5.0,6.4,4.49,4.0,0,0,0,0,1,0,-0.08921111847314232,-0.4039021293559294,-0.11395922029975991
6,1.3,4.8,5.0,6.6,3.49,2.0,0,0,0,0,1,0,-0.6504965310424556,0.45726598255807915,-0.17599893086999785
6,1.3,4.8,5.0,6.6,3.99,4.0,0,0,0,0,1,0,-0.6504965310424556,0.45726598255807915,-0.17599893086999785
6,1.3,5.0,5.0,6.5,2.99,2.0,0,0,0,0,1,0,-0.33473205565571296,-0.10581208681310156,0.5579325231646707
6,1.3,5.0,5.0,6.5,3.49,4.0,0,0,0,0,1,0,-0.33473205565571296,-0.10581208681310156,0.5579325231646707
4,1.3,5.0,5.0,6.6,2.49,2.0,0,0,0,0,1,0,-0.08921111847314232,-0.4039021293559294,-0.11395922029975991
4,1.3,5.0,5.0,6.6,2.99,4.0,0,0,0,0,1,0,-0.08921111847314232,-0.4039021293559294,-0.11395922029975991
4,0.5,5.0,5.0,6.5,1.99,1.0,0,0,0,0,1,0,-0.08921111847314232,-0.4039021293559294,-0.11395922029975991
4,0.5,5.0,5.0,6.5,2.49,2.0,0,0,0,0,1,0,-0.08921111847314232,-0.4039021293559294,-0.11395922029975991
8,3.2,10.8,6.0,6.7,3.49,2.0,0,0,0,0,1,0,-0.08921111847314232,-0.4039021293559294,-0.11395922029975991
8,3.2,10.8,6.0,6.7,3.99,4.0,0,0,0,0,1,0,-0.08921111847314232,-0.4039021293559294,-0.11395922029975991
6,1.3,5.0,6.0,6.5,2.99,2.0,0,0,0,0,1,0,-0.08921111847314232,-0.4039021293559294,-0.11395922029975991
6,1.3,5.0,6.0,6.5,3.49,4.0,0,0,0,0,1,0,-0.08921111847314232,-0.4039021293559294,-0.11395922029975991
4,1.3,5.0,6.0,6.6,2.49,2.0,0,0,0,0,1,0,-0.08921111847314232,-0.4039021293559294,-0.11395922029975991
4,1.3,5.0,6.0,6.6,2.99,4.0,0,0,0,0,1,0,-0.08921111847314232,-0.4039021293559294,-0.11395922029975991
4,0.5,1.3,5.0,6.5,1.99,1.0,0,0,0,0,1,0,-0.4535318668790933,-0.03779213009750093,0.7475682230800199
4,0.5,1.3,5.0,6.5,2.49,2.0,0,0,0,0,1,0,-0.4535318668790933,-0.03779213009750093,0.7475682230800199
8,3.2,10.8,6.0,6.7,3.49,2.0,0,0,0,0,1,0,-0.08921111847314232,-0.4039021293559294,-0.11395922029975991
8,3.2,10.8,6.0,6.7,3.99,4.0,0,0,0,0,1,0,-0.08921111847314232,-0.4039021293559294,-0.11395922029975991
6,1.3,5.0,6.0,6.5,2.99,2.0,0,0,0,0,1,0,-0.08921111847314232,-0.4039021293559294,-0.11395922029975991
6,1.3,5.0,6.0,6.5,3.49,4.0,0,0,0,0,1,0,-0.08921111847314232,-0.4039021293559294,-0.11395922029975991
4,1.3,5.0,6.0,6.6,2.49,2.0,0,0,0,0,1,0,-0.08921111847314232,-0.4039021293559294,-0.11395922029975991
4,1.3,5.0,6.0,6.6,2.99,4.0,0,0,0,0,1,0,-0.08921111847314232,-0.4039021293559294,-0.11395922029975991
12,1.0,10.8,4.5,6.9,12.99,2.0,0,0,0,0,1,0,-0.08921111847314232,-0.4039021293559294,-0.11395922029975991
12,1.0,10.8,4.5,6.9,13.99,4.0,0,0,0,0,1,0,-0.08921111847314232,-0.4039021293559294,-0.11395922029975991
8,1.0,10.8,4.3,6.7,9.99,2.0,0,0,0,0,1,0,-0.08921111847314232,-0.4039021293559294,-0.11395922029975991
8,1.0,10.8,4.3,6.7,10.99,4.0,0,0,0,0,1,0,-0.08921111847314232,-0.4039021293559294,-0.11395922029975991
12,1.0,1.2,4.3,6.8,10.99,4.0,0,0,0,0,1,0,-0.08921111847314232,-0.4039021293559294,-0.11395922029975991
12,1.0,1.2,4.3,6.8,11.99,8.0,0,0,0,0,1,0,-0.08921111847314232,-0.4039021293559294,-0.11395922029975991
8,1.0,1.2,3.5,6.3,9.49,4.0,0,0,0,0,1,0,-0.08921111847314232,-0.4039021293559294,-0.11395922029975991
8,1.0,1.2,3.5,6.3,8.99,2.0,0,0,0,0,1,0,-0.08921111847314232,-0.4039021293559294,-0.11395922029975991
6,1.3,5.0,4.05,6.6,4.99,2.0,0,0,0,0,1,0,-0.08921111847314232,-0.4039021293559294,-0.11395922029975991
4,0.5,1.6,3.0,5.3,2.49,1.0,0,0,0,0,1,0,-0.08921111847314232,-0.4039021293559294,-0.11395922029975991
4,1.6,1.6,3.5,6.0,1.99,1.0,0,0,0,0,1,0,0.5578698922083575,0.13265038313635688,0.017037388915349352
3,1.3,1.3,3.6,5.5,1.79,1.0,0,0,0,0,1,0,-0.08921111847314232,-0.4039021293559294,-0.11395922029975991
4,0.8,1.3,3.3,6.0,1.69,1.0,0,0,0,0,1,0,0.5578698922083575,0.13265038313635688,0.017037388915349352
2,0.5,1.3,3.0,5.5,1.29,0.25,0,0,0,0,1,0,-0.08921111847314232,-0.4039021293559294,-0.11395922029975991
6,1.6,1.6,4.0,6.0,3.99,1.0,0,0,0,0,1,0,0.5578698922083575,0.13265038313635688,0.017037388915349352
4,1.6,1.6,3.3,5.7,2.99,1.0,0,0,0,0,1,0,0.5578698922083575,0.13265038313635688,0.017037388915349352
4,0.8,1.6,2.6,5.2,2.49,0.5,0,0,0,0,1,0,0.5578698922083575,0.13265038313635688,0.017037388915349352
12,1.0,10.8,4.5,7.6,14.99,4.0,0,0,0,0,1,0,0.17422207381724417,-0.07695654230318329,-0.022539912884642972
12,1.0,10.8,4.5,7.6,13.99,4.0,0,0,0,0,1,0,0.17422207381724417,-0.07695654230318329,-0.022539912884642972
12,1.2,1.3,11.2,14.6,11.99,4.0,0,0,0,0,1,0,0.6284119102491342,0.24237076471910088,0.051308376900982756
12,1.2,1.3,10.09,12.4,9.99,4.0,0,0,0,0,1,0,0.6284119102491342,0.24237076471910088,0.051308376900982756
8,1.2,1.3,8.4,11.0,7.99,2.0,0,0,0,0,1,0,0.6284119102491342,0.24237076471910088,0.051308376900982756
6,1.2,0.8,8.0,10.9,5.49,2.0,0,0,0,0,1,0,-0.08921111847314232,-0.4039021293559294,-0.11395922029975991
12,1.2,1.3,11.2,14.6,10.99,4.0,0,0,0,0,1,0,0.6284119102491342,0.24237076471910088,0.051308376900982756
8,1.2,1.3,10.09,12.4,8.99,4.0,0,0,0,0,1,0,0.6284119102491342,0.24237076471910088,0.051308376900982756
8,1.2,1.3,8.0,11.0,6.99,2.0,0,0,0,0,1,0,0.6284119102491342,0.24237076471910088,0.051308376900982756
8,0.5,0.8,7.04,11.0,2.29,2.0,0,0,0,0,1,0,0.21645509852541608,-0.06898462745365741,-0.023635660832013065
4,0.2,0.8,5.1,8.7,1.79,1.0,0,0,0,0,1,0,-0.33473205565571296,-0.10581208681310156,0.5579325231646707
4,0.5,0.8,7.04,10.5,1.99,1.0,0,0,0,0,1,0,-0.0800146154968199,-0.2908026220352449,-0.0712014797258814
3,0.2,0.8,5.1,8.7,1.49,0.5,0,0,0,0,1,0,-0.4535318668790933,-0.03779213009750093,0.7475682230800199
6,0.5,1.3,5.05,8.0,5.49,2.0,0,0,0,0,1,0,-0.08921111847314232,-0.4039021293559294,-0.11395922029975991
6,0.8,1.3,7.6,10.1,6.49,2.0,0,0,0,0,1,0,0.19006282724007814,-0.07405568277592912,-0.022780101545811532
4,0.5,1.3,5.05,8.0,4.99,1.0,0,0,0,0,1,0,-0.08921111847314232,-0.4039021293559294,-0.11395922029975991
2,0.2,0.5,5.0,10.1,1.29,0.25,0,0,0,0,1,0,-0.06437265869452799,-0.17517804616652513,-0.037784595246753615
2,0.2,0.5,5.0,8.0,0.99,0.25,0,0,0,0,1,0,0.16097853827565256,-0.10225400332428208,-0.03347602304647933
12,3.2,5.0,5.0,6.7,7.99,4.0,0,0,0,1,0,0,0.6284119102491342,0.24237076471910088,0.051308376900982756
12,1.6,5.0,4.5,6.7,6.99,4.0,0,0,0,1,0,0,0.6284119102491342,0.24237076471910088,0.051308376900982756
12,1.6,5.0,5.0,6.7,6.99,4.0,0,0,0,1,0,0,0.6284119102491342,0.24237076471910088,0.051308376900982756
12,1.6,5.0,5.0,6.7,5.99,4.0,0,0,0,1,0,0,0.6284119102491342,0.24237076471910088,0.051308376900982756
12,1.6,5.0,5.0,6.74,4.99,4.0,0,0,0,1,0,0,-0.4013013722895371,0.18285049029297487,-0.13337756658626748
8,1.6,5.0,5.0,6.72,3.99,2.0,0,0,0,1,0,0,0.5578698922083575,0.13265038313635688,0.017037388915349352
8,1.6,10.8,5.0,6.72,2.99,2.0,0,0,0,1,0,0,0.21645509852541608,-0.06898462745365741,-0.023635660832013065
8,1.6,6.4,5.0,6.72,2.49,2.0,0,0,0,1,0,0,-0.6504965310424556,0.45726598255807915,-0.17599893086999785
16,3.2,4.8,4.8,7.8,10.99,4.0,0,0,0,1,0,0,0.6284119102491342,0.24237076471910088,0.051308376900982756
12,3.2,5.0,5.0,6.7,8.99,4.0,0,0,0,1,0,0,0.6284119102491342,0.24237076471910088,0.051308376900982756
12,1.6,5.0,4.5,6.7,7.49,4.0,0,0,0,1,0,0,0.6284119102491342,0.24237076471910088,0.051308376900982756
12,1.6,4.8,4.5,6.7,6.99,4.0,0,0,0,1,0,0,0.17422207381724417,-0.07695654230318329,-0.022539912884642972
8,1.6,4.8,4.5,6.55,5.99,2.0,0,0,0,1,0,0,0.17422207381724417,-0.07695654230318329,-0.022539912884642972
16,3.2,5.0,5.0,6.7,8.99,4.0,0,0,0,1,0,0,0.6284119102491342,0.24237076471910088,0.051308376900982756
8,3.2,5.0,4.5,6.43,3.99,2.0,0,0,0,1,0,0,-0.6504965310424556,0.45726598255807915,-0.17599893086999785
8,3.2,5.0,4.5,6.43,3.49,2.0,0,0,0,1,0,0,-0.40641532915809475,0.189565605024851,-0.14030754062292286
4,1.6,1.3,5.0,6.49,1.99,1.0,0,0,0,1,0,0,0.5578698922083575,0.13265038313635688,0.017037388915349352
4,0.8,1.3,5.0,6.52,1.79,1.0,0,0,0,1,0,0,0.4586492061013163,0.050974891372104675,-0.004843653757331694
12,1.6,4.8,4.5,6.55,7.49,4.0,0,0,0,1,0,0,0.5578698922083575,0.13265038313635688,0.017037388915349352
8,1.6,4.8,4.5,6.55,6.49,2.0,0,0,0,1,0,0,0.17422207381724417,-0.07695654230318329,-0.022539912884642972
12,1.6,4.8,4.5,6.55,5.99,4.0,0,0,0,1,0,0,0.5578698922083575,0.13265038313635688,0.017037388915349352
12,1.6,5.0,4.5,6.7,7.49,4.0,0,0,0,1,0,0,0.6284119102491342,0.24237076471910088,0.051308376900982756
8,1.6,4.8,4.5,6.55,5.99,2.0,0,0,0,1,0,0,0.5578698922083575,0.13265038313635688,0.017037388915349352
12,1.6,4.8,4.51,6.78,7.49,4.0,0,0,0,1,0,0,0.5578698922083575,0.13265038313635688,0.017037388915349352
8,1.6,4.8,4.3,6.55,6.99,2.0,0,0,0,1,0,0,0.5578698922083575,0.13265038313635688,0.017037388915349352
6,1.6,6.4,5.0,6.59,2.49,2.0,0,0,0,1,0,0,-0.40588979028898686,0.18866172047742488,-0.1421812509209951
8,1.6,6.4,4.5,6.43,2.99,2.0,0,0,0,1,0,0,-0.40641532915809475,0.189565605024851,-0.14030754062292286
6,1.6,4.8,4.115,6.44,3.49,2.0,0,0,0,1,0,0,0.17389162359940427,-0.07626261324242571,-0.02242873018258452
6,1.6,6.4,4.5,6.43,2.99,2.0,0,0,0,1,0,0,0.5578698922083575,0.13265038313635688,0.017037388915349352
8,3.2,5.0,4.5,6.43,3.99,2.0,0,0,0,1,0,0,-0.40641532915809475,0.189565605024851,-0.14030754062292286
4,0.8,1.3,5.0,6.52,1.79,1.0,0,0,0,1,0,0,0.4586492061013163,0.050974891372104675,-0.004843653757331694
6,1.6,6.4,4.3,6.49,2.99,2.0,0,0,0,1,0,0,0.4586492061013163,0.050974891372104675,-0.004843653757331694
8,1.6,4.8,4.3,6.55,6.49,2.0,0,0,0,1,0,0,0.5578698922083575,0.13265038313635688,0.017037388915349352
6,1.6,4.8,3.7,6.41,5.99,2.0,0,0,0,1,0,0,0.5578698922083575,0.13265038313635688,0.017037388915349352
10,1.6,2.0,3.7,6.41,7.99,4.0,0,0,0,1,0,0,0.5578698922083575,0.13265038313635688,0.017037388915349352
6,1.6,1.6,3.3,6.01,6.49,2.0,0,0,0,1,0,0,0.5578698922083575,0.13265038313635688,0.017037388915349352
8,1.6,5.0,4.5,6.7,8.49,2.0,0,0,0,1,0,0,0.6284119102491342,0.24237076471910088,0.051308376900982756
12,3.2,5.0,5.0,6.7,7.99,2.0,0,0,0,1,0,0,0.6284119102491342,0.24237076471910088,0.051308376900982756
8,1.6,5.0,4.5,6.7,5.99,2.0,0,0,0,1,0,0,-0.6504965310424556,0.45726598255807915,-0.17599893086999785
12,1.6,4.8,4.0,6.67,7.99,4.0,0,0,0,1,0,0,0.5578698922083575,0.13265038313635688,0.017037388915349352
6,1.6,2.0,3.3,6.28,5.99,2.0,0,0,0,1,0,0,0.5578698922083575,0.13265038313635688,0.017037388915349352
8,1.6,2.0,3.3,5.5,5.99,2.0,0,0,0,1,0,0,0.5578698922083575,0.13265038313635688,0.017037388915349352
8,3.2,6.4,4.0,6.44,2.99,2.0,0,0,0,1,0,0,0.17389162359940427,-0.07626261324242571,-0.02242873018258452
12,1.6,4.8,4.51,6.78,8.99,4.0,0,0,0,1,0,0,0.5578698922083575,0.13265038313635688,0.017037388915349352
12,1.6,4.8,4.5,6.55,7.99,4.0,0,0,0,1,0,0,0.5578698922083575,0.13265038313635688,0.017037388915349352
12,1.6,4.8,4.085,6.67,8.99,4.0,0,0,0,1,0,0,0.5578698922083575,0.13265038313635688,0.017037388915349352
12,3.2,5.0,5.0,6.7,8.49,2.0,0,0,0,1,0,0,0.6284119102491342,0.24237076471910088,0.051308376900982756
8,1.6,6.4,4.8,6.55,7.99,2.0,0,0,0,1,0,0,0.6284119102491342,0.24237076471910088,0.051308376900982756
12,3.2,5.0,5.0,6.7,8.99,4.0,0,0,0,1,0,0,0.6284119102491342,0.24237076471910088,0.051308376900982756
12,1.6,5.0,5.0,6.7,8.49,4.0,0,0,0,1,0,0,0.6284119102491342,0.24237076471910088,0.051308376900982756
8,0.8,1.3,9.51,11.61,4.99,2.0,0,0,0,1,0,0,-0.4013013722895371,0.18285049029297487,-0.13337756658626748
8,0.8,1.3,9.51,11.61,5.49,2.0,0,0,0,1,0,0,-0.4013013722895371,0.18285049029297487,-0.13337756658626748
12,1.6,5.0,11.0,12.4,7.99,2.0,0,0,0,1,0,0,0.6284119102491342,0.24237076471910088,0.051308376900982756
12,3.2,5.0,6.0,6.78,9.99,2.0,0,0,0,0,0,1,-0.4761221306947563,0.38187861025742365,-0.5199964000991686
12,3.2,5.0,6.0,6.78,10.99,4.0,0,0,0,0,0,1,-0.4761221306947563,0.38187861025742365,-0.5199964000991686
16,3.2,20.0,6.0,6.78,11.99,4.0,0,0,0,0,0,1,-0.4761221306947563,0.38187861025742365,-0.5199964000991686
16,3.2,20.0,6.0,6.78,12.99,8.0,0,0,0,0,0,1,-0.4761221306947563,0.38187861025742365,-0.5199964000991686
16,3.2,5.0,5.7,6.31,9.49,4.0,0,0,0,0,0,1,-0.4761221306947563,0.38187861025742365,-0.5199964000991686
8,4.4,6.4,4.1,6.44,4.49,2.0,0,0,0,0,0,1,0.19006282724007814,-0.07405568277592912,-0.022780101545811532
12,1.6,6.4,5.0,6.58,3.99,2.0,0,0,0,0,0,1,-0.2695154283338701,0.09082989773406716,-0.27792914534028285
8,1.6,5.0,5.0,6.67,3.49,2.0,0,0,0,0,0,1,0.5578698922083575,0.13265038313635688,0.017037388915349352
8,1.6,6.4,4.5,6.38,2.99,2.0,0,0,0,0,0,1,-0.2689523254000455,0.08986140601934697,-0.27993678326775506
12,3.2,10.8,4.7,6.56,5.99,4.0,0,0,0,0,0,1,0.6284119102491342,0.24237076471910088,0.051308376900982756
12,3.2,6.4,4.5,6.44,5.49,2.0,0,0,0,0,0,1,-0.4761221306947563,0.38187861025742365,-0.5199964000991686
16,1.6,5.0,5.0,6.78,6.99,4.0,0,0,0,0,0,1,0.6284119102491342,0.24237076471910088,0.051308376900982756
6,1.2,1.6,3.315,6.3,2.49,1.0,0,0,0,0,0,1,0.5578698922083575,0.13265038313635688,0.017037388915349352
4,2.4,1.6,3.26,6.3,2.19,1.0,0,0,0,0,0,1,0.5578698922083575,0.13265038313635688,0.017037388915349352
6,2.0,1.6,4.0,5.88,2.99,2.0,0,0,0,0,0,1,0.5578698922083575,0.13265038313635688,0.017037388915349352
3,0.5,1.3,3.26,6.22,1.49,0.5,0,0,0,0,0,1,-0.4535318668790933,-0.03779213009750093,0.7475682230800199
2,0.5,1.3,2.3,5.5,1.99,0.25,0,0,0,0,0,1,0.5578698922083575,0.13265038313635688,0.017037388915349352
4,2.0,1.6,3.055,5.5,2.49,1.0,0,0,0,0,0,1,0.5578698922083575,0.13265038313635688,0.017037388915349352
4,2.0,1.3,4.03,6.22,1.99,1.0,0,0,0,0,0,1,0.5578698922083575,0.13265038313635688,0.017037388915349352
4,0.8,1.3,3.0,5.5,1.79,0.5,0,0,0,0,0,1,0.5578698922083575,0.13265038313635688,0.017037388915349352
1,0.5,1.3,2.0,5.0,1.39,0.25,0,0,0,0,0,1,-0.48368734997030016,0.14917166276589564,0.300824765357901
3,1.6,1.3,3.0,5.5,1.79,0.5,0,0,0,0,0,1,0.5578698922083575,0.13265038313635688,0.017037388915349352
8,3.2,4.8,4.5,6.44,3.99,2.0,0,0,0,0,0,1,0.4586492061013163,0.050974891372104675,-0.004843653757331694
8,3.2,4.8,4.5,6.44,4.29,4.0,0,0,0,0,0,1,0.4586492061013163,0.050974891372104675,-0.004843653757331694
8,3.2,4.8,4.1,6.44,3.99,2.0,0,0,0,0,0,1,0.4586492061013163,0.050974891372104675,-0.004843653757331694
8,3.2,4.8,4.1,6.44,4.29,4.0,0,0,0,0,0,1,0.4586492061013163,0.050974891372104675,-0.004843653757331694
3,0.8,1.3,5.0,6.51,1.59,1.0,0,0,0,0,0,1,-0.4535318668790933,-0.03779213009750093,0.7475682230800199
4,0.8,1.3,5.0,6.51,1.79,2.0,0,0,0,0,0,1,-0.4535318668790933,-0.03779213009750093,0.7475682230800199
6,3.2,4.8,4.5,6.38,2.49,2.0,0,0,0,0,0,1,-0.4535318668790933,-0.03779213009750093,0.7475682230800199
6,3.2,4.8,4.5,6.38,2.69,4.0,0,0,0,0,0,1,-0.4535318668790933,-0.03779213009750093,0.7475682230800199
3,0.8,1.3,5.0,6.35,1.49,0.5,0,0,0,0,0,1,0.4586492061013163,0.050974891372104675,-0.004843653757331694
3,0.8,1.3,5.0,6.35,1.69,1.0,0,0,0,0,0,1,0.4586492061013163,0.050974891372104675,-0.004843653757331694
6,3.2,4.8,4.0,6.53,2.99,2.0,0,0,0,0,0,1,-0.4535318668790933,-0.03779213009750093,0.7475682230800199
6,3.2,4.8,4.0,6.53,3.19,4.0,0,0,0,0,0,1,-0.4535318668790933,-0.03779213009750093,0.7475682230800199
8,3.2,4.8,4.0,6.39,4.99,2.0,0,0,0,0,0,1,0.4586492061013163,0.050974891372104675,-0.004843653757331694
8,3.2,4.8,4.0,6.39,5.49,4.0,0,0,0,0,0,1,0.4586492061013163,0.050974891372104675,-0.004843653757331694
4,0.8,1.3,5.0,6.47,1.99,2.0,0,0,0,0,0,1,-0.4535318668790933,-0.03779213009750093,0.7475682230800199
3,0.8,1.3,5.0,6.47,1.69,1.0,0,0,0,0,0,1,-0.4535318668790933,-0.03779213009750093,0.7475682230800199
4,1.6,1.6,4.5,6.53,2.49,1.0,0,0,0,0,0,1,0.4586492061013163,0.050974891372104675,-0.004843653757331694
6,1.6,1.6,4.5,6.53,2.99,2.0,0,0,0,0,0,1,0.4586492061013163,0.050974891372104675,-0.004843653757331694
6,1.2,1.2,3.2,6.28,3.49,2.0,0,0,0,0,0,1,0.4586492061013163,0.050974891372104675,-0.004843653757331694
4,1.2,1.2,3.2,6.28,2.99,1.0,0,0,0,0,0,1,0.4586492061013163,0.050974891372104675,-0.004843653757331694
8,5.0,6.4,4.05,6.44,2.99,2.0,0,0,0,0,0,1,-0.4535318668790933,-0.03779213009750093,0.7475682230800199
8,5.0,6.4,4.05,6.44,3.49,4.0,0,0,0,0,0,1,-0.4535318668790933,-0.03779213009750093,0.7475682230800199
8,1.6,5.0,5.0,6.58,2.39,2.0,0,0,0,0,0,1,-0.31211955717494955,-0.10511940246510525,0.4917734575256397
4,1.6,5.0,5.0,6.58,1.79,1.0,0,0,0,0,0,1,-0.31211955717494955,-0.10511940246510525,0.4917734575256397
12,3.2,4.8,4.2,6.56,8.99,4.0,0,0,0,0,0,1,0.4586492061013163,0.050974891372104675,-0.004843653757331694
12,3.2,4.8,4.2,6.56,9.99,8.0,0,0,0,0,0,1,0.4586492061013163,0.050974891372104675,-0.004843653757331694
8,4.4,6.4,4.0,6.44,4.99,2.0,0,0,0,0,0,1,0.25398030094981405,-0.05317503776623042,-0.0222983742745773
8,4.4,6.4,4.0,6.44,5.49,4.0,0,0,0,0,0,1,0.25398030094981405,-0.05317503776623042,-0.0222983742745773
8,1.6,5.0,5.0,6.58,3.49,2.0,0,0,0,0,0,1,-0.4085105549335135,0.19315510392000437,-0.1328781372765775
8,1.6,5.0,5.0,6.58,3.99,4.0,0,0,0,0,0,1,-0.4085105549335135,0.19315510392000437,-0.1328781372765775
6,1.6,6.4,5.0,6.58,2.29,2.0,0,0,0,0,0,1,-0.31211955717494955,-0.10511940246510525,0.4917734575256397
6,1.6,6.4,5.0,6.58,1.79,1.0,0,0,0,0,0,1,-0.31211955717494955,-0.10511940246510525,0.4917734575256397
6,3.2,4.8,3.7,6.39,3.99,2.0,0,0,0,0,0,1,0.4586492061013163,0.050974891372104675,-0.004843653757331694
6,3.2,4.8,3.7,6.39,4.49,4.0,0,0,0,0,0,1,0.4586492061013163,0.050974891372104675,-0.004843653757331694
8,3.2,5.0,4.45,6.56,7.49,2.0,0,0,0,0,0,1,-0.40641532915809475,0.189565605024851,-0.14030754062292286
8,3.2,5.0,4.45,6.56,7.99,4.0,0,0,0,0,0,1,-0.40641532915809475,0.189565605024851,-0.14030754062292286
6,1.6,5.0,5.0,6.58,2.69,2.0,0,0,0,0,0,1,0.2933975629234231,-0.046452065306371915,-0.023520840764468254
8,1.6,5.0,5.0,6.58,3.19,4.0,0,0,0,0,0,1,0.2933975629234231,-0.046452065306371915,-0.023520840764468254
8,3.2,6.4,4.2,6.44,8.99,2.0,0,0,0,0,0,1,0.4586492061013163,0.050974891372104675,-0.004843653757331694
8,3.2,6.4,4.2,6.44,9.49,4.0,0,0,0,0,0,1,0.4586492061013163,0.050974891372104675,-0.004843653757331694
8,5.0,5.0,4.6,6.78,5.99,2.0,0,0,0,0,0,1,-0.403869282934869,0.18800436704057025,-0.13070889688992313
8,5.0,5.0,4.6,6.78,6.49,4.0,0,0,0,0,0,1,-0.403869282934869,0.18800436704057025,-0.13070889688992313
8,5.0,5.0,4.6,6.78,6.99,2.0,0,0,0,0,0,1,-0.403869282934869,0.18800436704057025,-0.13070889688992313
8,5.0,5.0,4.6,6.78,7.49,4.0,0,0,0,0,0,1,-0.403869282934869,0.18800436704057025,-0.13070889688992313
8,3.2,6.4,4.83,6.56,5.99,2.0,0,0,0,0,0,1,-0.6504965310424556,0.45726598255807915,-0.17599893086999785
8,3.2,6.4,4.83,6.56,6.49,4.0,0,0,0,0,0,1,-0.6504965310424556,0.45726598255807915,-0.17599893086999785
12,3.2,5.0,4.87,6.78,10.99,4.0,0,0,0,0,0,1,-0.4028211876940958,0.18621581144453722,-0.13434548108875075
12,3.2,5.0,4.87,6.78,11.99,8.0,0,0,0,0,0,1,-0.4028211876940958,0.18621581144453722,-0.13434548108875075
8,1.6,6.4,4.5,6.44,3.99,2.0,0,0,0,0,0,1,-0.40588979028898686,0.18866172047742488,-0.1421812509209951
8,1.6,6.4,4.5,6.44,4.49,4.0,0,0,0,0,0,1,-0.40588979028898686,0.18866172047742488,-0.1421812509209951
8,1.6,6.4,4.5,6.44,2.99,2.0,0,0,0,0,0,1,0.2933975629234231,-0.046452065306371915,-0.023520840764468254
8,1.6,6.4,4.5,6.44,3.49,4.0,0,0,0,0,0,1,0.2933975629234231,-0.046452065306371915,-0.023520840764468254
8,5.0,6.4,4.2,6.44,4.99,2.0,0,0,0,0,0,1,-0.6504965310424556,0.45726598255807915,-0.17599893086999785
8,5.0,6.4,4.2,6.44,5.49,4.0,0,0,0,0,0,1,-0.6504965310424556,0.45726598255807915,-0.17599893086999785
12,3.2,5.0,4.7,6.78,8.99,4.0,0,0,0,0,0,1,-0.4013013722895371,0.18285049029297487,-0.13337756658626748
12,3.2,5.0,4.7,6.78,9.99,8.0,0,0,0,0,0,1,-0.4013013722895371,0.18285049029297487,-0.13337756658626748
4,0.8,1.3,5.0,6.51,1.99,2.0,0,0,0,0,0,1,-0.4535318668790933,-0.03779213009750093,0.7475682230800199
4,0.8,1.3,5.0,6.51,1.79,1.0,0,0,0,0,0,1,-0.4535318668790933,-0.03779213009750093,0.7475682230800199
6,0.8,1.3,8.04,11.0,3.29,2.0,0,0,0,0,0,1,0.5578698922083575,0.13265038313635688,0.017037388915349352
8,0.8,5.0,8.04,11.0,3.99,4.0,0,0,0,0,0,1,-0.40641532915809475,0.189565605024851,-0.14030754062292286
6,0.8,1.3,8.04,10.4,2.79,2.0,0,0,0,0,0,1,0.5578698922083575,0.13265038313635688,0.017037388915349352
6,0.8,1.3,8.04,11.0,3.49,2.0,0,0,0,0,0,1,0.5578698922083575,0.13265038313635688,0.017037388915349352
8,0.8,5.0,8.04,12.3,4.49,4.0,0,0,0,0,0,1,0.17422207381724417,-0.07695654230318329,-0.022539912884642972
8,0.8,5.0,8.04,12.9,4.99,4.0,0,0,0,0,0,1,-0.4013013722895371,0.18285049029297487,-0.13337756658626748
6,0.8,1.3,8.04,11.0,3.49,2.0,0,0,0,1,0,0,0.5578698922083575,0.13265038313635688,0.017037388915349352
8,0.8,5.0,8.04,12.3,3.99,4.0,0,0,0,1,0,0,0.17422207381724417,-0.07695654230318329,-0.022539912884642972
8,0.8,5.0,8.04,12.3,4.49,4.0,0,0,0,1,0,0,0.6284119102491342,0.24237076471910088,0.051308376900982756
12,3.2,4.8,4.805,7.82,13.99,8.0,0,0,1,0,0,0,0.6284119102491342,0.24237076471910088,0.051308376900982756
12,3.2,5.0,4.3,6.8,9.99,4.0,0,0,1,0,0,0,-0.4028211876940958,0.18621581144453722,-0.13434548108875075
12,3.2,5.0,5.0,6.8,12.99,4.0,0,0,1,0,0,0,0.6284119102491342,0.24237076471910088,0.051308376900982756
8,3.2,5.0,4.8,6.7,10.99,4.0,0,0,1,0,0,0,0.6284119102491342,0.24237076471910088,0.051308376900982756
8,3.2,5.0,5.8,6.67,4.99,4.0,0,0,1,0,0,0,-0.4535318668790933,-0.03779213009750093,0.7475682230800199
8,3.2,5.0,5.8,6.67,4.99,4.0,0,0,1,0,0,0,-0.4535318668790933,-0.03779213009750093,0.7475682230800199
12,5.0,5.0,5.8,6.83,7.99,8.0,0,0,1,0,0,0,-0.6504965310424556,0.45726598255807915,-0.17599893086999785
12,5.0,5.0,5.6,6.59,6.99,4.0,0,0,1,0,0,0,-0.6504965310424556,0.45726598255807915,-0.17599893086999785
8,3.2,5.0,5.0,6.7,4.49,4.0,0,0,1,0,0,0,0.5578698922083575,0.13265038313635688,0.017037388915349352
8,3.2,5.0,5.0,6.7,4.49,4.0,0,0,1,0,0,0,0.5578698922083575,0.13265038313635688,0.017037388915349352
12,3.2,5.0,4.6,6.74,7.49,8.0,0,0,1,0,0,0,-0.403869282934869,0.18800436704057025,-0.13070889688992313
8,3.2,5.0,5.0,6.7,5.99,4.0,0,0,1,0,0,0,-0.6504965310424556,0.45726598255807915,-0.17599893086999785
8,3.2,6.4,5.0,6.7,4.99,4.0,0,0,1,0,0,0,-0.6504965310424556,0.45726598255807915,-0.17599893086999785
12,3.2,5.0,4.6,6.74,6.99,8.0,0,0,1,0,0,0,-0.403869282934869,0.18800436704057025,-0.13070889688992313
8,1.6,5.0,6.0,6.7,5.99,4.0,0,0,1,0,0,0,-0.4761221306947563,0.38187861025742365,-0.5199964000991686
12,1.6,5.0,6.0,6.7,6.99,8.0,0,0,1,0,0,0,-0.4761221306947563,0.38187861025742365,-0.5199964000991686
8,0.8,5.0,5.1,6.67,4.99,4.0,0,0,1,0,0,0,-0.4761221306947563,0.38187861025742365,-0.5199964000991686
4,0.5,5.0,5.0,6.7,3.99,2.0,0,0,1,0,0,0,0.381818739987821,0.07363251757178449,0.01416257535615928
4,0.8,0.8,5.1,6.67,4.49,2.0,0,0,1,0,0,0,0.381818739987821,0.07363251757178449,0.01416257535615928
6,0.8,0.8,5.1,6.67,4.99,4.0,0,0,1,0,0,0,0.381818739987821,0.07363251757178449,0.01416257535615928
4,0.5,5.0,5.0,6.7,3.99,2.0,0,0,1,0,0,0,0.381818739987821,0.07363251757178449,0.01416257535615928
4,0.8,0.8,5.1,6.67,4.49,2.0,0,0,1,0,0,0,0.381818739987821,0.07363251757178449,0.01416257535615928
6,0.8,0.8,5.1,6.67,4.99,4.0,0,0,1,0,0,0,0.381818739987821,0.07363251757178449,0.01416257535615928
8,0.8,5.0,5.0,6.67,4.49,2.0,0,0,1,0,0,0,0.21731567616690498,-0.05533753010085718,-0.017861947573697565
8,0.8,5.0,5.0,6.67,4.99,4.0,0,0,1,0,0,0,0.21731567616690498,-0.05533753010085718,-0.017861947573697565
8,1.6,5.0,6.4,6.7,6.99,4.0,0,0,1,0,0,0,0.6284119102491342,0.24237076471910088,0.051308376900982756
12,1.6,5.0,6.4,6.7,7.99,8.0,0,0,1,0,0,0,0.6284119102491342,0.24237076471910088,0.051308376900982756
8,3.2,6.4,5.0,6.7,4.99,2.0,0,0,1,0,0,0,-0.4761221306947563,0.38187861025742365,-0.5199964000991686
8,3.2,6.4,5.0,6.7,5.49,4.0,0,0,1,0,0,0,-0.4761221306947563,0.38187861025742365,-0.5199964000991686
8,3.2,6.4,5.0,6.7,5.99,4.0,0,0,1,0,0,0,-0.4761221306947563,0.38187861025742365,-0.5199964000991686
12,3.2,6.4,5.0,6.7,6.99,8.0,0,0,1,0,0,0,-0.4761221306947563,0.38187861025742365,-0.5199964000991686
8,3.2,6.4,4.5,6.55,5.49,2.0,0,0,1,0,0,0,0.19006282724007814,-0.07405568277592912,-0.022780101545811532
8,3.2,6.4,4.5,6.55,5.99,4.0,0,0,1,0,0,0,0.19006282724007814,-0.07405568277592912,-0.022780101545811532
8,0.8,1.3,9.51,11.6,6.99,2.0,0,0,1,0,0,0,-0.4761221306947563,0.38187861025742365,-0.5199964000991686
12,0.8,1.3,9.51,11.6,7.99,4.0,0,0,1,0,0,0,-0.4761221306947563,0.38187861025742365,-0.5199964000991686
12,0.8,1.3,9.51,12.1,8.99,4.0,0,0,1,0,0,0,0.6284119102491342,0.24237076471910088,0.051308376900982756
16,0.8,1.3,9.51,12.1,9.99,8.0,0,0,1,0,0,0,0.6284119102491342,0.24237076471910088,0.051308376900982756
6,0.8,1.3,8.36,11.0,4.99,2.0,0,0,1,0,0,0,0.5578698922083575,0.13265038313635688,0.017037388915349352
8,0.8,1.3,8.36,11.0,5.99,4.0,0,0,1,0,0,0,0.5578698922083575,0.13265038313635688,0.017037388915349352
12,3.2,5.0,5.0,6.82,11.99,4.0,0,0,1,0,0,0,0.6284119102491342,0.24237076471910088,0.051308376900982756
16,3.2,5.0,5.0,6.82,12.99,8.0,0,0,1,0,0,0,0.6284119102491342,0.24237076471910088,0.051308376900982756
12,3.2,5.0,5.0,6.78,10.99,4.0,0,0,1,0,0,0,-0.4761221306947563,0.38187861025742365,-0.5199964000991686
16,3.2,5.0,5.0,6.78,11.99,8.0,0,0,1,0,0,0,-0.4761221306947563,0.38187861025742365,-0.5199964000991686
12,3.2,5.0,5.0,6.82,9.99,4.0,0,0,1,0,0,0,0.6284119102491342,0.24237076471910088,0.051308376900982756
16,3.2,5.0,5.0,6.82,10.99,8.0,0,0,1,0,0,0,0.6284119102491342,0.24237076471910088,0.051308376900982756
12,3.2,5.0,4.8,6.74,8.99,4.0,0,0,1,0,0,0,-0.2668371816764018,0.08800786466038343,-0.27007399161540896
16,3.2,5.0,4.8,6.74,9.99,8.0,0,0,1,0,0,0,-0.2668371816764018,0.08800786466038343,-0.27007399161540896
12,3.2,5.0,5.0,6.7,8.99,4.0,0,0,1,0,0,0,0.6284119102491342,0.24237076471910088,0.051308376900982756
16,3.2,5.0,5.0,6.7,9.99,8.0,0,0,1,0,0,0,0.6284119102491342,0.24237076471910088,0.051308376900982756
8,3.2,5.0,4.8,6.55,7.99,4.0,0,0,1,0,0,0,0.17422207381724417,-0.07695654230318329,-0.022539912884642972
8,3.2,5.0,4.3,6.8,8.99,4.0,0,0,1,0,0,0,-0.265210870277105,0.08440672985502226,-0.26903825373289275
12,3.2,5.0,4.3,6.8,9.99,8.0,0,0,1,0,0,0,-0.265210870277105,0.08440672985502226,-0.26903825373289275
12,3.2,5.0,4.52,7.1,10.99,4.0,0,0,1,0,0,0,0.6284119102491342,0.24237076471910088,0.051308376900982756
8,3.2,6.4,5.0,6.7,4.99,2.0,0,0,1,0,0,0,-0.4761221306947563,0.38187861025742365,-0.5199964000991686
8,3.2,6.4,5.0,6.7,5.49,4.0,0,0,1,0,0,0,-0.4761221306947563,0.38187861025742365,-0.5199964000991686
12,3.2,5.0,4.6,6.7,5.99,4.0,0,0,1,0,0,0,0.19006282724007814,-0.07405568277592912,-0.022780101545811532
16,3.2,5.0,4.7,6.74,6.99,4.0,0,0,1,0,0,0,0.6284119102491342,0.24237076471910088,0.051308376900982756
8,3.2,6.4,4.5,6.7,4.49,2.0,0,0,1,0,0,0,0.19006282724007814,-0.07405568277592912,-0.022780101545811532
12,3.2,6.4,4.5,6.7,4.99,4.0,0,0,1,0,0,0,0.19006282724007814,-0.07405568277592912,-0.022780101545811532
16,3.2,5.0,4.5,6.7,5.99,4.0,0,0,1,0,0,0,-0.4761221306947563,0.38187861025742365,-0.5199964000991686
16,3.2,5.0,4.7,6.7,6.49,4.0,0,0,1,0,0,0,0.6284119102491342,0.24237076471910088,0.051308376900982756
8,3.2,5.0,4.5,6.4,3.99,2.0,0,0,1,0,0,0,-0.4761221306947563,0.38187861025742365,-0.5199964000991686
12,3.2,5.0,4.5,6.4,4.49,4.0,0,0,1,0,0,0,-0.4761221306947563,0.38187861025742365,-0.5199964000991686
12,3.2,5.0,4.5,6.7,5.49,4.0,0,0,1,0,0,0,-0.4761221306947563,0.38187861025742365,-0.5199964000991686
12,3.2,5.0,4.5,6.7,5.99,4.0,0,0,1,0,0,0,-0.4761221306947563,0.38187861025742365,-0.5199964000991686
8,3.2,6.4,4.5,6.4,3.49,2.0,0,0,1,0,0,0,-0.2689523254000455,0.08986140601934697,-0.27993678326775506
12,3.2,6.4,4.5,6.4,3.99,4.0,0,0,1,0,0,0,-0.2689523254000455,0.08986140601934697,-0.27993678326775506
12,3.2,5.0,4.5,6.55,4.99,4.0,0,0,1,0,0,0,-0.2695154283338701,0.09082989773406716,-0.27792914534028285
8,3.2,6.4,4.3,6.43,3.49,2.0,0,0,1,0,0,0,-0.2689523254000455,0.08986140601934697,-0.27993678326775506
12,3.2,6.4,4.3,6.43,3.99,4.0,0,0,1,0,0,0,-0.2689523254000455,0.08986140601934697,-0.27993678326775506
8,3.2,6.4,4.5,6.55,4.49,2.0,0,0,1,0,0,0,-0.2695154283338701,0.09082989773406716,-0.27792914534028285
12,3.2,6.4,4.5,6.55,4.99,4.0,0,0,1,0,0,0,-0.2695154283338701,0.09082989773406716,-0.27792914534028285
12,3.2,5.0,4.5,6.55,5.99,4.0,0,0,1,0,0,0,0.5578698922083575,0.13265038313635688,0.017037388915349352
8,3.2,6.4,4.3,6.43,2.99,2.0,0,0,1,0,0,0,0.17389162359940427,-0.07626261324242571,-0.02242873018258452
12,3.2,6.4,4.3,6.43,3.49,4.0,0,0,1,0,0,0,0.17389162359940427,-0.07626261324242571,-0.02242873018258452
8,3.2,6.4,4.35,6.55,3.99,2.0,0,0,1,0,0,0,-0.4761221306947563,0.38187861025742365,-0.5199964000991686
12,3.2,6.4,4.35,6.55,4.49,4.0,0,0,1,0,0,0,-0.4761221306947563,0.38187861025742365,-0.5199964000991686
12,3.2,5.0,4.5,6.55,5.99,4.0,0,0,1,0,0,0,0.5578698922083575,0.13265038313635688,0.017037388915349352
8,3.2,4.8,4.0,6.43,2.99,2.0,0,0,1,0,0,0,0.17389162359940427,-0.07626261324242571,-0.02242873018258452
8,3.2,4.8,4.0,6.43,3.49,4.0,0,0,1,0,0,0,0.17389162359940427,-0.07626261324242571,-0.02242873018258452
12,3.2,4.8,4.0,6.55,4.99,4.0,0,0,1,0,0,0,0.17389162359940427,-0.07626261324242571,-0.02242873018258452
8,3.2,6.4,4.025,6.4,2.49,2.0,0,0,1,0,0,0,-0.4761221306947563,0.38187861025742365,-0.5199964000991686
12,3.2,6.4,4.025,6.4,2.99,4.0,0,0,1,0,0,0,-0.4761221306947563,0.38187861025742365,-0.5199964000991686
12,3.2,4.8,4.025,6.5,4.99,4.0,0,0,1,0,0,0,0.17389162359940427,-0.07626261324242571,-0.02242873018258452
6,0.8,1.3,5.0,6.56,1.99,2.0,0,0,1,0,0,0,-0.6504965310424556,0.45726598255807915,-0.17599893086999785
8,0.8,1.3,5.0,6.56,2.29,4.0,0,0,1,0,0,0,-0.6504965310424556,0.45726598255807915,-0.17599893086999785
8,0.8,5.0,5.0,6.56,2.49,4.0,0,0,1,0,0,0,-0.4085105549335135,0.19315510392000437,-0.1328781372765775
6,0.8,1.3,5.0,6.56,2.19,2.0,0,0,1,0,0,0,-0.4380862416265888,0.22712647189420146,-0.14800683377994436
6,0.8,1.3,5.0,6.5,1.99,2.0,0,0,1,0,0,0,-0.4085105549335135,0.19315510392000437,-0.1328781372765775
6,0.8,1.3,5.0,6.5,1.89,2.0,0,0,1,0,0,0,-0.4085105549335135,0.19315510392000437,-0.1328781372765775
6,1.6,4.8,5.0,6.5,2.19,2.0,0,0,1,0,0,0,0.4586492061013163,0.050974891372104675,-0.004843653757331694
4,0.8,1.6,4.04,6.5,1.79,2.0,0,0,1,0,0,0,-0.6504965310424556,0.45726598255807915,-0.17599893086999785
4,0.8,1.2,4.0,6.5,1.69,2.0,0,0,1,0,0,0,-0.6504965310424556,0.45726598255807915,-0.17599893086999785
4,0.8,1.3,4.0,6.5,1.49,2.0,0,0,1,0,0,0,-0.4085105549335135,0.19315510392000437,-0.1328781372765775
4,0.8,1.3,4.0,6.5,1.39,2.0,0,0,1,0,0,0,-0.4085105549335135,0.19315510392000437,-0.1328781372765775
4,0.8,1.3,4.0,6.5,1.29,2.0,0,0,1,0,0,0,-0.4085105549335135,0.19315510392000437,-0.1328781372765775
4,0.5,5.0,5.1,6.67,1.99,2.0,0,0,1,0,0,0,0.5992108286198022,0.18236486297872093,0.030919088388187195
6,0.5,5.0,5.1,6.67,2.29,4.0,0,0,1,0,0,0,0.5992108286198022,0.18236486297872093,0.030919088388187195
8,1.6,10.8,5.0,6.72,1.99,2.0,0,0,1,0,0,0,0.2933975629234231,-0.046452065306371915,-0.023520840764468254
12,1.6,10.8,5.0,6.72,2.29,4.0,0,0,1,0,0,0,0.2933975629234231,-0.046452065306371915,-0.023520840764468254
6,1.6,6.4,5.0,6.59,1.99,2.0,0,0,1,0,0,0,0.2933975629234231,-0.046452065306371915,-0.023520840764468254
8,1.6,6.4,5.0,6.59,2.29,4.0,0,0,1,0,0,0,0.2933975629234231,-0.046452065306371915,-0.023520840764468254
8,1.6,6.4,5.0,6.59,2.49,2.0,0,0,1,0,0,0,-0.6504965310424556,0.45726598255807915,-0.17599893086999785
6,1.6,6.4,5.0,6.5,1.99,2.0,0,0,1,0,0,0,-0.4380862416265888,0.22712647189420146,-0.14800683377994436
8,1.6,6.4,5.0,6.5,2.29,4.0,0,0,1,0,0,0,-0.4380862416265888,0.22712647189420146,-0.14800683377994436
8,1.6,6.4,4.5,6.43,2.99,2.0,0,0,1,0,0,0,-0.40641532915809475,0.189565605024851,-0.14030754062292286
12,1.6,6.4,4.5,6.43,3.29,4.0,0,0,1,0,0,0,-0.40641532915809475,0.189565605024851,-0.14030754062292286
8,3.2,6.4,4.3,6.43,2.79,2.0,0,0,1,0,0,0,0.4586492061013163,0.050974891372104675,-0.004843653757331694
8,3.2,6.4,4.3,6.43,2.99,4.0,0,0,1,0,0,0,0.4586492061013163,0.050974891372104675,-0.004843653757331694
6,1.6,4.8,5.0,6.5,1.99,2.0,0,0,1,0,0,0,-0.6504965310424556,0.45726598255807915,-0.17599893086999785
8,3.2,4.8,4.025,6.4,2.79,2.0,0,0,1,0,0,0,0.25398030094981405,-0.05317503776623042,-0.0222983742745773
8,3.2,4.8,4.025,6.4,2.99,4.0,0,0,1,0,0,0,0.25398030094981405,-0.05317503776623042,-0.0222983742745773
8,1.6,6.4,5.0,6.7,2.59,2.0,0,0,1,0,0,0,0.4586492061013163,0.050974891372104675,-0.004843653757331694
12,1.6,6.4,5.0,6.7,2.99,4.0,0,0,1,0,0,0,0.4586492061013163,0.050974891372104675,-0.004843653757331694
12,1.6,6.4,5.0,6.59,2.79,4.0,0,0,1,0,0,0,-0.6504965310424556,0.45726598255807915,-0.17599893086999785
12,1.6,5.0,6.5,6.78,4.7,2.0,0,0,0,1,0,0,0.4586492061013163,0.050974891372104675,-0.004843653757331694
16,1.6,5.0,6.5,6.78,5.0,4.0,0,0,0,1,0,0,0.4586492061013163,0.050974891372104675,-0.004843653757331694
8,3.2,5.0,5.5,6.78,3.8,2.0,0,0,0,1,0,0,0.5992108286198022,0.18236486297872093,0.030919088388187195
12,3.2,5.0,5.5,6.78,4.0,4.0,0,0,0,1,0,0,0.5992108286198022,0.18236486297872093,0.030919088388187195
16,3.2,5.0,5.5,6.78,4.2,8.0,0,0,0,1,0,0,0.5992108286198022,0.18236486297872093,0.030919088388187195
8,3.2,5.0,5.5,6.78,3.6,2.0,0,0,0,1,0,0,0.5992108286198022,0.18236486297872093,0.030919088388187195
8,3.2,5.0,5.5,6.78,3.8,4.0,0,0,0,1,0,0,0.5992108286198022,0.18236486297872093,0.030919088388187195
12,1.6,5.0,6.0,6.83,3.4,4.0,0,0,0,1,0,0,0.4118426412134937,0.07795142248980544,0.010965894435363797
12,1.6,5.0,6.0,6.83,3.6,8.0,0,0,0,1,0,0,0.4118426412134937,0.07795142248980544,0.010965894435363797
8,1.6,5.0,5.8,6.7,3.2,2.0,0,0,0,1,0,0,-0.6504965310424556,0.45726598255807915,-0.17599893086999785
8,1.6,5.0,5.8,6.7,3.4,4.0,0,0,0,1,0,0,-0.6504965310424556,0.45726598255807915,-0.17599893086999785
6,1.6,4.8,5.5,6.6,2.7,2.0,0,0,0,1,0,0,0.4118426412134937,0.07795142248980544,0.010965894435363797
8,1.6,4.8,5.5,6.6,2.9,4.0,0,0,0,1,0,0,0.4118426412134937,0.07795142248980544,0.010965894435363797
8,1.6,5.0,5.0,6.5,2.5,2.0,0,0,0,1,0,0,-0.6504965310424556,0.45726598255807915,-0.17599893086999785
8,1.6,5.0,5.0,6.5,2.7,4.0,0,0,0,1,0,0,-0.6504965310424556,0.45726598255807915,-0.17599893086999785
6,1.6,5.0,5.0,6.6,2.2,2.0,0,0,0,1,0,0,-0.6504965310424556,0.45726598255807915,-0.17599893086999785
8,1.6,5.0,5.0,6.6,2.4,4.0,0,0,0,1,0,0,-0.6504965310424556,0.45726598255807915,-0.17599893086999785
8,1.6,5.0,5.2,6.7,3.0,2.0,0,0,0,1,0,0,0.4118426412134937,0.07795142248980544,0.010965894435363797
12,1.6,5.0,5.2,6.7,3.2,4.0,0,0,0,1,0,0,0.4118426412134937,0.07795142248980544,0.010965894435363797
12,3.2,5.0,5.5,6.78,3.6,4.0,0,0,0,1,0,0,0.5992108286198022,0.18236486297872093,0.030919088388187195
16,3.2,5.0,5.5,6.78,3.8,8.0,0,0,0,1,0,0,0.5992108286198022,0.18236486297872093,0.030919088388187195
8,1.6,6.4,5.1,6.7,2.5,2.0,0,0,0,1,0,0,-0.6504965310424556,0.45726598255807915,-0.17599893086999785
12,1.6,6.4,5.1,6.7,2.7,4.0,0,0,0,1,0,0,-0.6504965310424556,0.45726598255807915,-0.17599893086999785
12,3.2,5.0,5.5,6.78,3.4,4.0,0,0,0,1,0,0,0.5992108286198022,0.18236486297872093,0.030919088388187195
16,3.2,5.0,5.5,6.78,3.6,8.0,0,0,0,1,0,0,0.5992108286198022,0.18236486297872093,0.030919088388187195
6,1.6,5.0,5.0,6.6,2.0,2.0,0,0,0,1,0,0,-0.6504965310424556,0.45726598255807915,-0.17599893086999785
8,1.6,5.0,5.0,6.6,2.2,4.0,0,0,0,1,0,0,-0.6504965310424556,0.45726598255807915,-0.17599893086999785
8,1.6,6.4,5.2,6.7,2.7,2.0,0,0,0,1,0,0,0.4118426412134937,0.07795142248980544,0.010965894435363797
12,1.6,6.4,5.2,6.7,2.9,4.0,0,0,0,1,0,0,0.4118426412134937,0.07795142248980544,0.010965894435363797
8,1.6,5.0,5.0,6.6,2.4,2.0,0,0,0,1,0,0,-0.4380862416265888,0.22712647189420146,-0.14800683377994436
8,1.6,5.0,5.0,6.6,2.6,4.0,0,0,0,1,0,0,-0.4380862416265888,0.22712647189420146,-0.14800683377994436
6,1.6,5.0,5.0,6.5,1.8,2.0,0,0,0,1,0,0,-0.33473205565571296,-0.10581208681310156,0.5579325231646707
6,1.6,5.0,5.0,6.5,1.6,2.0,0,0,0,1,0,0,-0.4535318668790933,-0.03779213009750093,0.7475682230800199
8,1.6,5.0,5.0,6.6,2.1,2.0,0,0,0,1,0,0,-0.4085105549335135,0.19315510392000437,-0.1328781372765775
8,1.6,5.0,5.2,6.6,2.3,2.0,0,0,0,1,0,0,-0.4380862416265888,0.22712647189420146,-0.14800683377994436
6,0.8,5.0,5.0,6.6,1.6,2.0,0,0,0,1,0,0,-0.326810310876566,-0.10560381046053724,0.5356106203590908
8,0.8,5.0,5.0,6.6,1.8,4.0,0,0,0,1,0,0,-0.326810310876566,-0.10560381046053724,0.5356106203590908
4,0.8,5.0,5.0,6.5,1.3,2.0,0,0,0,1,0,0,-0.0800146154968199,-0.2908026220352449,-0.0712014797258814
6,0.8,5.0,5.0,6.6,1.7,2.0,0,0,0,1,0,0,-0.4535318668790933,-0.03779213009750093,0.7475682230800199
8,0.8,5.0,5.0,6.6,1.9,4.0,0,0,0,1,0,0,-0.4535318668790933,-0.03779213009750093,0.7475682230800199
6,0.8,5.0,5.0,6.6,1.6,2.0,0,0,0,1,0,0,0.4586492061013163,0.050974891372104675,-0.004843653757331694
8,0.8,5.0,5.0,6.6,1.8,4.0,0,0,0,1,0,0,0.4586492061013163,0.050974891372104675,-0.004843653757331694
6,0.8,5.0,5.0,6.6,1.5,2.0,0,0,0,1,0,0,-0.326810310876566,-0.10560381046053724,0.5356106203590908
6,0.8,6.4,5.0,6.72,1.7,2.0,0,0,0,1,0,0,-0.4535318668790933,-0.03779213009750093,0.7475682230800199
8,0.8,6.4,5.0,6.72,1.9,4.0,0,0,0,1,0,0,-0.4535318668790933,-0.03779213009750093,0.7475682230800199
6,1.6,5.0,5.2,6.6,2.1,2.0,0,0,0,1,0,0,-0.6504965310424556,0.45726598255807915,-0.17599893086999785
6,1.6,5.0,5.2,6.6,2.2,2.0,0,0,0,1,0,0,-0.4380862416265888,0.22712647189420146,-0.14800683377994436
8,1.6,5.0,5.2,6.6,2.4,4.0,0,0,0,1,0,0,-0.4380862416265888,0.22712647189420146,-0.14800683377994436
6,1.6,5.0,5.0,6.5,1.7,2.0,0,0,0,1,0,0,-0.33473205565571296,-0.10581208681310156,0.5579325231646707
8,1.6,5.0,5.2,6.8,4.4,2.0,0,0,0,1,0,0,0.5992108286198022,0.18236486297872093,0.030919088388187195
12,1.6,5.0,5.2,6.8,5.0,4.0,0,0,0,1,0,0,0.5992108286198022,0.18236486297872093,0.030919088388187195
8,1.6,6.4,5.0,6.7,3.3,2.0,0,0,0,1,0,0,-0.403869282934869,0.18800436704057025,-0.13070889688992313
12,1.6,6.4,5.0,6.7,3.8,4.0,0,0,0,1,0,0,-0.403869282934869,0.18800436704057025,-0.13070889688992313
8,1.6,5.0,5.1,6.7,3.5,2.0,0,0,0,1,0,0,-0.4028211876940958,0.18621581144453722,-0.13434548108875075
12,1.6,5.0,5.1,6.7,4.0,4.0,0,0,0,1,0,0,-0.4028211876940958,0.18621581144453722,-0.13434548108875075
4,0.8,0.8,7.1,10.4,2.0,1.0,0,0,0,1,0,0,-0.31211955717494955,-0.10511940246510525,0.4917734575256397
6,0.8,0.8,7.1,10.4,2.3,2.0,0,0,0,1,0,0,-0.31211955717494955,-0.10511940246510525,0.4917734575256397
6,0.8,0.8,8.36,11.5,2.8,2.0,0,0,0,1,0,0,-0.33473205565571296,-0.10581208681310156,0.5579325231646707
8,0.8,0.8,8.36,11.5,3.2,4.0,0,0,0,1,0,0,-0.33473205565571296,-0.10581208681310156,0.5579325231646707
4,0.8,0.8,7.1,10.4,1.9,1.0,0,0,0,1,0,0,-0.326810310876566,-0.10560381046053724,0.5356106203590908
6,0.8,0.8,7.1,10.4,2.1,2.0,0,0,0,1,0,0,-0.326810310876566,-0.10560381046053724,0.5356106203590908
4,0.8,1.3,8.34,11.0,3.1,1.0,0,0,0,1,0,0,0.2933975629234231,-0.046452065306371915,-0.023520840764468254
6,0.8,1.3,8.34,11.0,3.5,2.0,0,0,0,1,0,0,0.2933975629234231,-0.046452065306371915,-0.023520840764468254
3,0.5,0.8,6.4,8.7,1.6,0.5,0,0,0,1,0,0,-0.0800146154968199,-0.2908026220352449,-0.0712014797258814
4,0.5,0.8,6.4,8.7,1.8,1.0,0,0,0,1,0,0,-0.0800146154968199,-0.2908026220352449,-0.0712014797258814
4,0.8,0.8,7.1,10.4,2.0,1.0,0,0,0,1,0,0,-0.31211955717494955,-0.10511940246510525,0.4917734575256397
6,0.8,0.8,7.1,10.4,2.2,2.0,0,0,0,1,0,0,-0.31211955717494955,-0.10511940246510525,0.4917734575256397
4,0.8,0.8,7.2,10.5,2.1,1.0,0,0,0,1,0,0,-0.326810310876566,-0.10560381046053724,0.5356106203590908
6,0.8,0.8,7.2,10.5,2.3,2.0,0,0,0,1,0,0,-0.326810310876566,-0.10560381046053724,0.5356106203590908
12,3.2,5.0,6.1,6.73,7.99,4.0,0,0,0,1,0,0,0.5578698922083575,0.13265038313635688,0.017037388915349352
16,3.2,5.0,6.1,6.73,8.99,8.0,0,0,0,1,0,0,0.5578698922083575,0.13265038313635688,0.017037388915349352
16,3.2,5.0,6.1,6.73,9.99,16.0,0,0,0,1,0,0,0.5578698922083575,0.13265038313635688,0.017037388915349352
12,3.2,5.0,5.4,6.36,6.99,4.0,0,0,0,1,0,0,0.5578698922083575,0.13265038313635688,0.017037388915349352
16,3.2,5.0,5.4,6.36,7.99,8.0,0,0,0,1,0,0,0.5578698922083575,0.13265038313635688,0.017037388915349352
12,3.2,5.0,5.0,6.67,6.3499,4.0,0,0,0,1,0,0,-0.4761221306947563,0.38187861025742365,-0.5199964000991686
12,3.2,5.0,5.0,6.67,7.9077,8.0,0,0,0,1,0,0,-0.4761221306947563,0.38187861025742365,-0.5199964000991686
12,3.2,5.0,5.0,6.67,8.99,16.0,0,0,0,1,0,0,-0.4761221306947563,0.38187861025742365,-0.5199964000991686
12,3.2,5.0,5.0,6.67,5.99,4.0,0,0,0,1,0,0,-0.4761221306947563,0.38187861025742365,-0.5199964000991686
12,3.2,5.0,5.0,6.67,6.99,8.0,0,0,0,1,0,0,-0.4761221306947563,0.38187861025742365,-0.5199964000991686
12,3.2,5.0,5.0,6.73,7.99,4.0,0,0,0,1,0,0,0.6284119102491342,0.24237076471910088,0.051308376900982756
12,3.2,5.0,5.0,6.73,8.99,8.0,0,0,0,1,0,0,0.6284119102491342,0.24237076471910088,0.051308376900982756
12,3.2,5.0,4.61,6.36,6.99,4.0,0,0,0,1,0,0,0.6284119102491342,0.24237076471910088,0.051308376900982756
12,3.2,5.0,4.61,6.36,7.99,8.0,0,0,0,1,0,0,0.6284119102491342,0.24237076471910088,0.051308376900982756
8,1.6,20.0,5.11,6.67,3.7489999999999997,2.0,0,0,0,1,0,0,0.35521831650262725,0.07205704852433145,0.01485946050209587
12,1.6,20.0,5.11,6.67,3.99,4.0,0,0,0,1,0,0,0.35521831650262725,0.07205704852433145,0.01485946050209587
16,1.6,20.0,5.11,6.67,4.29,8.0,0,0,0,1,0,0,0.35521831650262725,0.07205704852433145,0.01485946050209587
8,1.6,10.8,5.5,6.67,3.49,2.0,0,0,0,1,0,0,-0.6504965310424556,0.45726598255807915,-0.17599893086999785
12,1.6,10.8,5.5,6.67,3.79,4.0,0,0,0,1,0,0,-0.6504965310424556,0.45726598255807915,-0.17599893086999785
6,1.6,10.8,5.0,6.67,2.99,2.0,0,0,0,1,0,0,0.4586492061013163,0.050974891372104675,-0.004843653757331694
8,1.6,10.8,5.0,6.67,3.29,4.0,0,0,0,1,0,0,0.4586492061013163,0.050974891372104675,-0.004843653757331694
6,1.6,5.0,5.0,6.67,2.79,2.0,0,0,0,1,0,0,-0.6504965310424556,0.45726598255807915,-0.17599893086999785
8,1.6,5.0,5.0,6.67,3.09,4.0,0,0,0,1,0,0,-0.6504965310424556,0.45726598255807915,-0.17599893086999785
4,1.6,5.0,5.0,6.67,2.49,2.0,0,0,0,1,0,0,0.4586492061013163,0.050974891372104675,-0.004843653757331694
6,1.6,5.0,5.0,6.67,2.79,4.0,0,0,0,1,0,0,0.4586492061013163,0.050974891372104675,-0.004843653757331694
4,0.8,5.0,5.0,6.5,1.99,1.0,0,0,0,1,0,0,-0.4085105549335135,0.19315510392000437,-0.1328781372765775
6,0.8,5.0,5.0,6.5,2.29,2.0,0,0,0,1,0,0,-0.4085105549335135,0.19315510392000437,-0.1328781372765775
8,1.6,5.0,5.1,6.67,4.99,2.0,0,0,0,1,0,0,0.6284119102491342,0.24237076471910088,0.051308376900982756
12,1.6,5.0,5.1,6.67,5.49,4.0,0,0,0,1,0,0,0.6284119102491342,0.24237076471910088,0.051308376900982756
16,1.6,5.0,5.1,6.67,5.99,8.0,0,0,0,1,0,0,0.6284119102491342,0.24237076471910088,0.051308376900982756
4,0.8,4.8,5.0,6.5,1.99,1.0,0,0,0,1,0,0,-0.0800146154968199,-0.2908026220352449,-0.0712014797258814
6,0.8,4.8,5.0,6.5,2.29,2.0,0,0,0,1,0,0,-0.0800146154968199,-0.2908026220352449,-0.0712014797258814
6,1.6,6.4,5.0,6.8,2.49,2.0,0,0,0,1,0,0,0.5578698922083575,0.13265038313635688,0.017037388915349352
2,0.5,1.3,5.0,6.52,1.49,0.5,0,0,0,1,0,0,-0.0800146154968199,-0.2908026220352449,-0.0712014797258814
4,0.8,4.8,5.0,6.5,1.99,1.0,0,0,0,1,0,0,0.5578698922083575,0.13265038313635688,0.017037388915349352
4,1.6,1.3,4.05,6.22,1.79,1.0,0,0,0,1,0,0,0.5578698922083575,0.13265038313635688,0.017037388915349352
3,0.5,1.3,4.0,6.09,1.49,0.5,0,0,0,1,0,0,-0.24611371845878388,-0.23423165401591908,0.6837023398834734
4,1.6,1.6,4.05,6.3,2.19,1.0,0,0,0,1,0,0,0.5578698922083575,0.13265038313635688,0.017037388915349352
6,1.6,1.6,4.05,6.3,2.49,2.0,0,0,0,1,0,0,0.5578698922083575,0.13265038313635688,0.017037388915349352
6,3.2,4.8,4.0,6.39,4.29,2.0,0,0,0,1,0,0,0.5578698922083575,0.13265038313635688,0.017037388915349352
8,3.2,4.8,4.0,6.39,4.79,4.0,0,0,0,1,0,0,0.5578698922083575,0.13265038313635688,0.017037388915349352
6,1.6,1.6,3.35,6.39,2.99,1.0,0,0,0,1,0,0,0.5578698922083575,0.13265038313635688,0.017037388915349352
8,3.2,5.0,5.0,6.7,4.99,2.0,0,0,0,1,0,0,0.6284119102491342,0.24237076471910088,0.051308376900982756
12,3.2,5.0,5.0,6.7,5.49,4.0,0,0,0,1,0,0,0.6284119102491342,0.24237076471910088,0.051308376900982756
8,5.0,5.0,4.5,6.7,5.49,2.0,0,0,0,1,0,0,0.6284119102491342,0.24237076471910088,0.051308376900982756
12,5.0,5.0,4.5,6.7,5.99,4.0,0,0,0,1,0,0,0.6284119102491342,0.24237076471910088,0.051308376900982756
8,3.2,5.0,3.5,6.7,9.99,2.0,0,0,0,1,0,0,0.6284119102491342,0.24237076471910088,0.051308376900982756
12,3.2,5.0,3.5,6.7,10.99,4.0,0,0,0,1,0,0,0.6284119102491342,0.24237076471910088,0.051308376900982756
8,1.6,5.0,5.0,6.5,2.99,2.0,0,0,0,1,0,0,0.21645509852541608,-0.06898462745365741,-0.023635660832013065
12,1.6,5.0,5.0,6.5,3.49,4.0,0,0,0,1,0,0,0.21645509852541608,-0.06898462745365741,-0.023635660832013065
4,1.6,5.0,5.0,6.8,1.99,1.0,0,0,0,1,0,0,-0.4535318668790933,-0.03779213009750093,0.7475682230800199
6,1.6,5.0,5.0,6.8,2.49,2.0,0,0,0,1,0,0,-0.4535318668790933,-0.03779213009750093,0.7475682230800199
6,2.5,4.8,3.5,6.3,2.99,2.0,0,0,0,1,0,0,-0.08921111847314232,-0.4039021293559294,-0.11395922029975991
8,2.5,4.8,3.5,6.3,3.49,4.0,0,0,0,1,0,0,-0.08921111847314232,-0.4039021293559294,-0.11395922029975991
6,3.2,6.4,5.0,6.7,3.99,2.0,0,0,0,1,0,0,0.21645509852541608,-0.06898462745365741,-0.023635660832013065
8,3.2,6.4,5.0,6.7,4.49,4.0,0,0,0,1,0,0,0.21645509852541608,-0.06898462745365741,-0.023635660832013065
4,0.8,4.8,5.0,6.5,1.99,1.0,0,0,0,1,0,0,-0.0800146154968199,-0.2908026220352449,-0.0712014797258814
6,0.8,4.8,5.0,6.5,2.29,2.0,0,0,0,1,0,0,-0.0800146154968199,-0.2908026220352449,-0.0712014797258814
4,1.6,5.0,5.0,6.6,2.49,1.0,0,0,0,1,0,0,0.5578698922083575,0.13265038313635688,0.017037388915349352
6,1.6,5.0,5.0,6.6,2.79,2.0,0,0,0,1,0,0,0.5578698922083575,0.13265038313635688,0.017037388915349352
3,0.5,1.3,5.0,6.5,1.49,0.5,0,0,0,1,0,0,-0.4535318668790933,-0.03779213009750093,0.7475682230800199
4,0.5,1.3,5.0,6.5,1.79,1.0,0,0,0,1,0,0,-0.4535318668790933,-0.03779213009750093,0.7475682230800199
8,1.6,5.0,5.0,6.78,3.2,2.0,0,0,0,1,0,0,0.6284119102491342,0.24237076471910088,0.051308376900982756
8,1.6,5.0,5.0,6.78,3.7,4.0,0,0,0,1,0,0,0.6284119102491342,0.24237076471910088,0.051308376900982756
8,3.2,6.4,4.5,6.7,3.0,2.0,0,0,0,1,0,0,-0.6504965310424556,0.45726598255807915,-0.17599893086999785
12,3.2,6.4,4.5,6.7,3.5,4.0,0,0,0,1,0,0,-0.6504965310424556,0.45726598255807915,-0.17599893086999785
8,3.2,5.0,4.31,6.4,4.0,4.0,0,0,0,1,0,0,-0.6504965310424556,0.45726598255807915,-0.17599893086999785
12,3.2,5.0,4.31,6.4,4.5,8.0,0,0,0,1,0,0,-0.6504965310424556,0.45726598255807915,-0.17599893086999785
8,1.6,5.0,5.0,6.49,2.7,2.0,0,0,0,1,0,0,-0.6504965310424556,0.45726598255807915,-0.17599893086999785
8,1.6,5.0,5.0,6.49,3.2,4.0,0,0,0,1,0,0,-0.6504965310424556,0.45726598255807915,-0.17599893086999785
4,1.6,5.0,5.0,6.72,2.0,2.0,0,0,0,1,0,0,-0.0800146154968199,-0.2908026220352449,-0.0712014797258814
8,1.6,5.0,5.0,6.72,2.5,4.0,0,0,0,1,0,0,-0.0800146154968199,-0.2908026220352449,-0.0712014797258814
6,1.6,5.0,5.0,6.5,2.5,2.0,0,0,0,1,0,0,0.6284119102491342,0.24237076471910088,0.051308376900982756
8,1.6,5.0,5.0,6.5,3.0,4.0,0,0,0,1,0,0,0.6284119102491342,0.24237076471910088,0.051308376900982756
8,3.2,5.0,4.7,6.7,4.5,4.0,0,0,0,1,0,0,0.35521831650262725,0.07205704852433145,0.01485946050209587
12,3.2,5.0,4.7,6.7,5.0,8.0,0,0,0,1,0,0,0.35521831650262725,0.07205704852433145,0.01485946050209587
12,3.2,5.0,4.0,6.9,11.99,8.0,0,0,0,1,0,0,0.6284119102491342,0.24237076471910088,0.051308376900982756
8,3.2,5.0,3.8,6.7,9.99,4.0,0,0,0,1,0,0,0.6284119102491342,0.24237076471910088,0.051308376900982756
8,3.2,5.0,5.0,6.67,3.2,2.0,0,0,0,1,0,0,0.6284119102491342,0.24237076471910088,0.051308376900982756
12,3.2,5.0,5.0,6.67,3.7,4.0,0,0,0,1,0,0,0.6284119102491342,0.24237076471910088,0.051308376900982756
8,3.2,5.0,4.3,6.5,3.0,4.0,0,0,0,1,0,0,-0.6504965310424556,0.45726598255807915,-0.17599893086999785
12,3.2,5.0,4.3,6.5,3.5,8.0,0,0,0,1,0,0,-0.6504965310424556,0.45726598255807915,-0.17599893086999785
4,0.8,1.3,5.0,6.5,1.5,1.0,0,0,0,1,0,0,-0.0800146154968199,-0.2908026220352449,-0.0712014797258814
4,0.8,1.3,5.0,6.5,1.8,2.0,0,0,0,1,0,0,-0.0800146154968199,-0.2908026220352449,-0.0712014797258814
8,3.2,5.0,4.7,6.7,4.5,4.0,0,0,0,1,0,0,0.35521831650262725,0.07205704852433145,0.01485946050209587
12,3.2,5.0,4.7,6.7,5.0,8.0,0,0,0,1,0,0,0.35521831650262725,0.07205704852433145,0.01485946050209587
12,6.0,20.0,5.0,6.9,14.99,8.0,0,0,0,1,0,0,0.6284119102491342,0.24237076471910088,0.051308376900982756
6,1.6,5.0,5.0,6.8,3.0,4.0,0,0,0,1,0,0,0.6284119102491342,0.24237076471910088,0.051308376900982756
8,1.6,5.0,5.0,6.8,3.5,8.0,0,0,0,1,0,0,0.6284119102491342,0.24237076471910088,0.051308376900982756
12,6.0,20.0,5.0,6.9,14.99,8.0,0,0,0,1,0,0,0.6284119102491342,0.24237076471910088,0.051308376900982756
8,3.2,5.0,4.4,6.55,6.99,2.0,0,0,0,1,0,0,0.11085808365665878,-0.1214751751379452,-0.032036402218150184
12,3.2,5.0,4.4,6.55,7.49,4.0,0,0,0,1,0,0,0.11085808365665878,-0.1214751751379452,-0.032036402218150184
6,3.2,6.4,4.02,6.28,4.99,2.0,0,0,0,1,0,0,0.13182737286534887,-0.12031103723923989,-0.03360447180563629
8,3.2,6.4,4.02,6.28,5.49,4.0,0,0,0,1,0,0,0.13182737286534887,-0.12031103723923989,-0.03360447180563629
6,1.6,5.0,5.0,6.6,3.99,2.0,0,0,0,1,0,0,0.13182737286534887,-0.12031103723923989,-0.03360447180563629
8,1.6,5.0,5.0,6.6,4.49,4.0,0,0,0,1,0,0,0.13182737286534887,-0.12031103723923989,-0.03360447180563629
4,1.6,5.0,5.0,6.5,3.49,2.0,0,0,0,1,0,0,0.16055973635579202,-0.08917665335918788,-0.02543606733967499
6,1.6,5.0,5.0,6.5,3.99,4.0,0,0,0,1,0,0,0.16055973635579202,-0.08917665335918788,-0.02543606733967499
4,1.6,5.0,5.0,6.4,2.99,2.0,0,0,0,1,0,0,0.21731567616690498,-0.05533753010085718,-0.017861947573697565
4,1.6,5.0,5.0,6.5,2.79,2.0,0,0,0,1,0,0,0.21731567616690498,-0.05533753010085718,-0.017861947573697565
3,0.8,1.6,5.0,6.5,1.99,1.0,0,0,0,1,0,0,-0.4535318668790933,-0.03779213009750093,0.7475682230800199
2,0.5,1.6,4.02,6.5,1.79,0.5,0,0,0,1,0,0,-0.4535318668790933,-0.03779213009750093,0.7475682230800199
4,0.5,1.6,4.02,6.5,1.99,1.0,0,0,0,1,0,0,-0.4535318668790933,-0.03779213009750093,0.7475682230800199
4,1.6,5.0,5.0,6.5,2.49,1.0,0,0,0,1,0,0,-0.4535318668790933,-0.03779213009750093,0.7475682230800199
8,1.3,5.0,4.1,6.5,6.99,2.0,0,0,0,1,0,0,0.14237042273685085,-0.10173935635173798,-0.027424636511257233
8,1.3,5.0,4.36,6.6,8.99,2.0,0,0,0,1,0,0,0.14237042273685085,-0.10173935635173798,-0.027424636511257233
8,1.0699999999999998,4.0,4.0,6.9,12.99,2.0,0,0,0,1,0,0,0.14237042273685085,-0.10173935635173798,-0.027424636511257233
8,1.3,6.4,4.2,6.5,7.99,2.0,0,0,0,1,0,0,-0.07090584580112834,-0.2528936107733146,-0.060092908889556804
8,3.2,5.0,4.3,6.57,4.99,2.0,0,0,0,1,0,0,0.15159493579028158,-0.10097875609262323,-0.027855047017736955
8,3.2,5.0,4.0,6.72,5.99,2.0,0,0,0,1,0,0,0.15159493579028158,-0.10097875609262323,-0.027855047017736955
8,1.3,5.0,4.1,6.5,6.49,2.0,0,0,0,1,0,0,0.15159493579028158,-0.10097875609262323,-0.027855047017736955
8,1.3,5.0,4.46,6.7,9.99,2.0,0,0,0,1,0,0,0.381818739987821,0.07363251757178449,0.01416257535615928
8,1.3,5.0,4.7,6.74,11.99,2.0,0,0,0,1,0,0,0.381818739987821,0.07363251757178449,0.01416257535615928
8,6.0,5.0,4.0,6.67,4.99,2.0,0,0,0,1,0,0,0.15159493579028158,-0.10097875609262323,-0.027855047017736955
8,6.0,5.0,4.5,6.78,5.99,2.0,0,0,0,1,0,0,0.15159493579028158,-0.10097875609262323,-0.027855047017736955
8,1.6,10.8,4.5,6.67,3.99,2.0,0,0,0,1,0,0,0.21731567616690498,-0.05533753010085718,-0.017861947573697565
8,1.3,4.8,4.815,6.67,9.99,2.0,0,0,0,1,0,0,0.381818739987821,0.07363251757178449,0.01416257535615928
8,1.3,4.8,4.815,6.67,10.99,2.0,0,0,0,1,0,0,0.381818739987821,0.07363251757178449,0.01416257535615928
8,1.3,4.8,5.1,6.73,12.99,2.0,0,0,0,1,0,0,0.381818739987821,0.07363251757178449,0.01416257535615928
12,1.3,5.0,4.75,6.7,10.99,2.0,0,0,0,1,0,0,-0.07706979082545704,-0.26369002749286763,-0.0627807621568269
12,1.3,5.0,5.0,6.82,12.99,2.0,0,0,0,1,0,0,-0.07706979082545704,-0.26369002749286763,-0.0627807621568269
12,1.3,5.0,5.2,6.82,14.99,2.0,0,0,0,1,0,0,-0.07706979082545704,-0.26369002749286763,-0.0627807621568269
8,6.0,5.0,4.5,6.7,4.99,2.0,0,0,0,1,0,0,0.15159493579028158,-0.10097875609262323,-0.027855047017736955
8,6.0,5.0,4.5,6.78,5.99,2.0,0,0,0,1,0,0,0.15159493579028158,-0.10097875609262323,-0.027855047017736955
12,6.0,5.0,4.5,6.78,6.99,2.0,0,0,0,1,0,0,0.15159493579028158,-0.10097875609262323,-0.027855047017736955
12,1.3,5.0,4.9,6.8,9.99,2.0,0,0,0,1,0,0,-0.07706979082545704,-0.26369002749286763,-0.0627807621568269
12,1.3,5.0,5.05,6.8,10.99,2.0,0,0,0,1,0,0,-0.07706979082545704,-0.26369002749286763,-0.0627807621568269
12,1.3,5.0,5.05,6.8,11.99,2.0,0,0,0,1,0,0,-0.07706979082545704,-0.26369002749286763,-0.0627807621568269
16,1.3,5.0,5.2,6.8,12.99,2.0,0,0,0,1,0,0,-0.07706979082545704,-0.26369002749286763,-0.0627807621568269
12,1.3,5.0,4.9,6.7,8.99,2.0,0,0,0,1,0,0,-0.07706979082545704,-0.26369002749286763,-0.0627807621568269
12,1.3,5.0,5.0,6.8,9.99,2.0,0,0,0,1,0,0,-0.07706979082545704,-0.26369002749286763,-0.0627807621568269
12,1.3,5.0,5.0,6.8,10.99,2.0,0,0,0,1,0,0,-0.07706979082545704,-0.26369002749286763,-0.0627807621568269
8,6.0,5.0,4.5,6.7,4.99,2.0,0,0,0,1,0,0,-0.07706979082545704,-0.26369002749286763,-0.0627807621568269
8,6.0,5.0,4.5,6.78,5.99,2.0,0,0,0,1,0,0,-0.07706979082545704,-0.26369002749286763,-0.0627807621568269
8,5.0,5.0,4.6,6.7,5.29,4.0,0,0,0,1,0,0,-0.07706979082545704,-0.26369002749286763,-0.0627807621568269
8,5.0,5.0,4.6,6.7,5.99,8.0,0,0,0,1,0,0,-0.07706979082545704,-0.26369002749286763,-0.0627807621568269
8,6.0,5.0,4.6,6.78,6.49,4.0,0,0,0,1,0,0,-0.07706979082545704,-0.26369002749286763,-0.0627807621568269
8,6.0,5.0,4.6,6.78,7.29,8.0,0,0,0,1,0,0,-0.07706979082545704,-0.26369002749286763,-0.0627807621568269
4,0.8,5.0,5.0,6.56,2.29,2.0,0,0,0,1,0,0,0.5578698922083575,0.13265038313635688,0.017037388915349352
4,0.8,4.8,5.05,6.52,1.69,1.0,0,0,0,1,0,0,-0.48368734997030016,0.14917166276589564,0.300824765357901
4,0.8,4.8,5.05,6.52,1.89,2.0,0,0,0,1,0,0,-0.48368734997030016,0.14917166276589564,0.300824765357901
3,0.8,5.0,5.0,6.52,1.39,1.0,0,0,0,1,0,0,-0.0800146154968199,-0.2908026220352449,-0.0712014797258814
4,0.8,5.0,5.0,6.52,1.59,2.0,0,0,0,1,0,0,-0.0800146154968199,-0.2908026220352449,-0.0712014797258814
4,0.8,5.0,5.05,6.5,1.69,1.0,0,0,0,1,0,0,-0.0800146154968199,-0.2908026220352449,-0.0712014797258814
6,0.8,5.0,5.05,6.5,1.89,2.0,0,0,0,1,0,0,-0.0800146154968199,-0.2908026220352449,-0.0712014797258814
2,0.8,1.3,5.0,6.5,1.19,1.0,0,0,0,1,0,0,-0.0800146154968199,-0.2908026220352449,-0.0712014797258814
3,0.8,1.3,5.0,6.5,1.39,2.0,0,0,0,1,0,0,-0.0800146154968199,-0.2908026220352449,-0.0712014797258814
6,1.6,4.8,5.0,6.58,2.39,2.0,0,0,0,1,0,0,0.5578698922083575,0.13265038313635688,0.017037388915349352
12,1.2,1.2,5.0,6.5,15.99,4.0,0,0,0,1,0,0,0.6284119102491342,0.24237076471910088,0.051308376900982756
8,1.2,1.2,5.0,6.1,9.99,2.0,0,0,0,1,0,0,0.6284119102491342,0.24237076471910088,0.051308376900982756
6,0.8,1.2,5.0,6.0,4.99,2.0,0,0,0,1,0,0,0.21645509852541608,-0.06898462745365741,-0.023635660832013065
12,1.2,4.8,5.0,6.5,16.99,4.0,0,0,0,1,0,0,0.6284119102491342,0.24237076471910088,0.051308376900982756
8,1.2,4.8,5.0,6.1,10.99,2.0,0,0,0,1,0,0,0.6284119102491342,0.24237076471910088,0.051308376900982756
6,0.8,4.8,5.0,6.1,5.99,2.0,0,0,0,1,0,0,0.21645509852541608,-0.06898462745365741,-0.023635660832013065
12,1.2,4.8,5.0,6.5,17.99,4.0,0,0,0,1,0,0,0.6284119102491342,0.24237076471910088,0.051308376900982756
8,1.2,4.8,5.0,6.1,11.99,2.0,0,0,0,1,0,0,0.6284119102491342,0.24237076471910088,0.051308376900982756
6,0.8,4.8,5.0,6.1,6.99,2.0,0,0,0,1,0,0,0.6284119102491342,0.24237076471910088,0.051308376900982756
4,0.8,0.8,8.2,10.4,3.9622,2.0,0,0,0,1,0,0,-0.0800146154968199,-0.2908026220352449,-0.0712014797258814
12,1.6,1.3,10.1,12.2,9.99,8.0,0,0,0,1,0,0,-0.07706979082545704,-0.26369002749286763,-0.0627807621568269
12,1.6,1.3,10.1,13.2,8.77,8.0,0,0,0,1,0,0,-0.07706979082545704,-0.26369002749286763,-0.0627807621568269
4,0.8,1.22,3.0,5.6,3.99,1.0,0,0,0,1,0,0,0.5578698922083575,0.13265038313635688,0.017037388915349352
4,0.8,1.22,3.7,6.0,4.79,1.0,0,0,0,1,0,0,0.5578698922083575,0.13265038313635688,0.017037388915349352
6,0.8,1.22,2.8,5.7,7.99,1.0,0,0,0,1,0,0,0.5578698922083575,0.13265038313635688,0.017037388915349352
6,0.8,1.22,3.7,6.3,8.99,1.0,0,0,0,1,0,0,0.5578698922083575,0.13265038313635688,0.017037388915349352
6,0.8,1.22,3.14,5.8,3.49,2.0,0,0,0,1,0,0,0.5578698922083575,0.13265038313635688,0.017037388915349352
6,0.8,1.22,3.885,6.2,4.99,2.0,0,0,0,1,0,0,0.17389162359940427,-0.07626261324242571,-0.02242873018258452
8,0.8,1.22,4.08,6.0,6.99,2.0,0,0,0,1,0,0,0.17389162359940427,-0.07626261324242571,-0.02242873018258452
6,0.8,1.22,4.68,6.34,4.49,2.0,0,0,0,1,0,0,0.17389162359940427,-0.07626261324242571,-0.02242873018258452
8,0.8,5.0,4.614,6.4,6.99,2.0,0,0,0,1,0,0,-0.06437265869452799,-0.17517804616652513,-0.037784595246753615
12,1.1099999999999999,5.0,5.003,6.71,8.99,4.0,0,0,0,1,0,0,-0.06437265869452799,-0.17517804616652513,-0.037784595246753615
6,0.8,1.22,4.41,6.1,4.49,2.0,0,0,0,1,0,0,-0.06437265869452799,-0.17517804616652513,-0.037784595246753615
8,1.08,5.0,4.355,6.3,5.99,2.0,0,0,0,1,0,0,-0.06437265869452799,-0.17517804616652513,-0.037784595246753615
12,1.08,5.0,5.0,6.7,8.99,4.0,0,0,0,1,0,0,-0.06437265869452799,-0.17517804616652513,-0.037784595246753615
8,1.08,6.4,4.385,6.1,4.99,2.0,0,0,0,1,0,0,-0.06437265869452799,-0.17517804616652513,-0.037784595246753615
8,1.05,5.0,4.575,6.2,6.99,2.0,0,0,0,1,0,0,-0.06437265869452799,-0.17517804616652513,-0.037784595246753615
12,1.05,5.0,5.05,6.7,9.99,4.0,0,0,0,1,0,0,-0.06437265869452799,-0.17517804616652513,-0.037784595246753615
8,1.05,6.4,4.385,6.1,5.49,2.0,0,0,0,1,0,0,-0.06437265869452799,-0.17517804616652513,-0.037784595246753615
8,1.08,5.0,4.6,6.3,7.99,2.0,0,0,0,1,0,0,-0.06437265869452799,-0.17517804616652513,-0.037784595246753615
12,1.08,5.0,5.05,6.7,10.99,4.0,0,0,0,1,0,0,-0.06437265869452799,-0.17517804616652513,-0.037784595246753615
16,1.08,5.0,5.25,6.8,12.99,8.0,0,0,0,1,0,0,-0.06437265869452799,-0.17517804616652513,-0.037784595246753615
16,1.08,5.0,5.5,7.6,17.99,8.0,0,0,0,1,0,0,-0.06437265869452799,-0.17517804616652513,-0.037784595246753615
4,0.8,1.3,5.0,6.6,1.29,1.0,0,0,0,1,0,0,-0.4535318668790933,-0.03779213009750093,0.7475682230800199
8,1.3,5.0,8.0,11.0,3.49,4.0,0,0,0,1,0,0,-0.2706640005767622,-0.05895270849560279,0.22448440836125874
3,0.5,0.8,5.0,6.52,0.99,1.0,0,0,0,1,0,0,-0.0800146154968199,-0.2908026220352449,-0.0712014797258814
6,1.2,5.0,7.5,10.9,2.99,2.0,0,0,0,1,0,0,-0.31211955717494955,-0.10511940246510525,0.4917734575256397
8,3.2,5.0,5.2,6.8,4.99,4.0,0,0,0,1,0,0,-0.4380862416265888,0.22712647189420146,-0.14800683377994436
6,1.6,5.0,5.0,6.6,1.99,2.0,0,0,0,1,0,0,-0.6504965310424556,0.45726598255807915,-0.17599893086999785
6,1.6,5.0,5.0,6.6,2.29,2.0,0,0,0,1,0,0,-0.6504965310424556,0.45726598255807915,-0.17599893086999785
3,0.5,0.8,5.0,6.52,0.89,1.0,0,0,0,1,0,0,-0.0800146154968199,-0.2908026220352449,-0.0712014797258814
8,3.2,5.0,5.2,6.8,2.69,4.0,0,0,0,1,0,0,-0.33473205565571296,-0.10581208681310156,0.5579325231646707
4,1.6,5.0,5.0,6.6,1.79,2.0,0,0,0,1,0,0,-0.326810310876566,-0.10560381046053724,0.5356106203590908
12,3.2,6.4,5.5,7.85,17.99,8.0,0,0,0,1,0,0,-0.4028211876940958,0.18621581144453722,-0.13434548108875075
8,3.2,5.0,4.3,6.9,9.99,4.0,0,0,0,1,0,0,-0.6504965310424556,0.45726598255807915,-0.17599893086999785
8,1.6,5.0,6.0,6.8,3.49,4.0,0,0,0,1,0,0,-0.4380862416265888,0.22712647189420146,-0.14800683377994436
4,1.6,5.0,5.0,6.6,1.49,2.0,0,0,0,1,0,0,-0.326810310876566,-0.10560381046053724,0.5356106203590908
3,0.5,0.8,5.0,6.52,0.99,1.0,0,0,0,1,0,0,-0.0800146154968199,-0.2908026220352449,-0.0712014797258814
12,5.0,10.8,5.2,6.9,10.99,8.0,0,0,0,1,0,0,-0.4028211876940958,0.18621581144453722,-0.13434548108875075
4,1.6,5.0,5.0,6.6,1.79,2.0,0,0,0,1,0,0,-0.326810310876566,-0.10560381046053724,0.5356106203590908
8,3.2,5.0,5.2,6.8,3.29,4.0,0,0,0,1,0,0,-0.4380862416265888,0.22712647189420146,-0.14800683377994436
8,1.6,5.0,6.0,6.8,2.99,4.0,0,0,0,1,0,0,-0.33473205565571296,-0.10581208681310156,0.5579325231646707
12,5.0,10.8,5.2,6.9,11.99,8.0,0,0,0,1,0,0,-0.4028211876940958,0.18621581144453722,-0.13434548108875075
12,5.0,6.4,5.2,6.8,8.99,8.0,0,0,0,1,0,0,-0.403869282934869,0.18800436704057025,-0.13070889688992313
8,3.2,5.0,5.0,6.7,4.99,4.0,0,0,0,1,0,0,-0.4380862416265888,0.22712647189420146,-0.14800683377994436
6,3.2,5.0,5.0,6.7,3.49,2.0,0,0,0,1,0,0,-0.33473205565571296,-0.10581208681310156,0.5579325231646707
12,3.2,6.4,6.0,6.9,10.99,8.0,0,0,0,1,0,0,-0.6504965310424556,0.45726598255807915,-0.17599893086999785
8,3.2,5.0,5.2,6.8,2.69,4.0,0,0,0,1,0,0,-0.33473205565571296,-0.10581208681310156,0.5579325231646707
6,1.6,5.0,5.0,6.6,1.99,2.0,0,0,0,1,0,0,-0.326810310876566,-0.10560381046053724,0.5356106203590908
4,1.6,5.0,5.0,6.6,1.79,2.0,0,0,0,1,0,0,-0.326810310876566,-0.10560381046053724,0.5356106203590908
4,1.6,5.0,5.0,6.6,1.49,2.0,0,0,0,1,0,0,-0.326810310876566,-0.10560381046053724,0.5356106203590908
3,0.5,0.8,5.0,6.52,0.99,1.0,0,0,0,1,0,0,-0.0800146154968199,-0.2908026220352449,-0.0712014797258814
3,0.5,0.8,5.0,6.52,0.89,1.0,0,0,0,1,0,0,-0.0800146154968199,-0.2908026220352449,-0.0712014797258814
12,5.0,10.8,5.2,6.9,10.99,8.0,0,0,0,1,0,0,-0.4028211876940958,0.18621581144453722,-0.13434548108875075
12,5.0,10.8,5.2,6.9,8.99,4.0,0,0,0,1,0,0,-0.4380862416265888,0.22712647189420146,-0.14800683377994436
8,3.2,5.0,5.0,6.7,4.49,4.0,0,0,0,1,0,0,-0.33473205565571296,-0.10581208681310156,0.5579325231646707
12,5.0,10.8,5.2,6.8,10.49,8.0,0,0,0,1,0,0,-0.403869282934869,0.18800436704057025,-0.13070889688992313
8,3.2,5.0,5.0,6.7,4.99,4.0,0,0,0,1,0,0,-0.4380862416265888,0.22712647189420146,-0.14800683377994436
6,3.2,5.0,5.0,6.7,3.49,2.0,0,0,0,1,0,0,-0.33473205565571296,-0.10581208681310156,0.5579325231646707
6,3.2,5.0,5.0,6.7,3.49,2.0,0,0,0,1,0,0,-0.33473205565571296,-0.10581208681310156,0.5579325231646707
8,3.2,5.0,6.0,6.9,6.99,8.0,0,0,0,1,0,0,-0.40588979028898686,0.18866172047742488,-0.1421812509209951
8,1.6,5.0,6.0,6.8,3.29,4.0,0,0,0,1,0,0,-0.33473205565571296,-0.10581208681310156,0.5579325231646707
6,0.8,1.3,7.0,10.1,2.99,2.0,0,0,0,1,0,0,-0.33473205565571296,-0.10581208681310156,0.5579325231646707
8,1.6,5.0,8.0,10.4,3.99,2.0,0,0,0,1,0,0,-0.4380862416265888,0.22712647189420146,-0.14800683377994436
4,0.5,0.8,6.0,9.7,2.19,2.0,0,0,0,1,0,0,-0.0800146154968199,-0.2908026220352449,-0.0712014797258814
12,3.2,5.0,9.0,11.0,5.49,2.0,0,0,0,1,0,0,-0.4028211876940958,0.18621581144453722,-0.13434548108875075
6,0.8,5.0,5.0,6.78,2.19,2.0,0,0,0,1,0,0,-0.326810310876566,-0.10560381046053724,0.5356106203590908
4,0.8,5.0,5.0,6.6,1.79,2.0,0,0,0,1,0,0,-0.0800146154968199,-0.2908026220352449,-0.0712014797258814
8,1.6,5.0,5.2,6.78,2.89,2.0,0,0,0,1,0,0,-0.4380862416265888,0.22712647189420146,-0.14800683377994436
8,1.6,5.0,5.0,6.8,2.69,2.0,0,0,0,1,0,0,-0.33473205565571296,-0.10581208681310156,0.5579325231646707
12,3.2,10.8,5.3,6.9,3.79,2.0,0,0,0,1,0,0,-0.4028211876940958,0.18621581144453722,-0.13434548108875075
12,3.2,10.8,5.5,6.9,4.49,2.0,0,0,0,1,0,0,-0.403869282934869,0.18800436704057025,-0.13070889688992313
8,3.2,10.8,5.2,6.8,3.49,2.0,0,0,0,1,0,0,-0.6504965310424556,0.45726598255807915,-0.17599893086999785
8,3.2,5.0,5.0,6.78,2.79,2.0,0,0,0,1,0,0,-0.33473205565571296,-0.10581208681310156,0.5579325231646707
8,3.2,10.8,5.2,6.8,3.19,2.0,0,0,0,1,0,0,-0.6504965310424556,0.45726598255807915,-0.17599893086999785
12,3.2,10.8,5.3,6.8,3.99,2.0,0,0,0,1,0,0,-0.4013013722895371,0.18285049029297487,-0.13337756658626748
12,3.2,10.8,5.5,6.9,4.49,2.0,0,0,0,1,0,0,-0.4028211876940958,0.18621581144453722,-0.13434548108875075
8,3.2,5.0,5.0,6.78,1.99,2.0,0,0,0,1,0,0,-0.4535318668790933,-0.03779213009750093,0.7475682230800199
4,0.8,1.3,5.0,6.6,1.59,2.0,0,0,0,1,0,0,-0.0800146154968199,-0.2908026220352449,-0.0712014797258814
8,3.2,10.8,5.0,6.78,2.29,2.0,0,0,0,1,0,0,-0.33473205565571296,-0.10581208681310156,0.5579325231646707
12,5.0,10.8,5.0,6.78,3.49,2.0,0,0,0,1,0,0,-0.403869282934869,0.18800436704057025,-0.13070889688992313
12,5.0,10.8,5.0,6.78,3.79,2.0,0,0,0,1,0,0,-0.403869282934869,0.18800436704057025,-0.13070889688992313
8,3.2,10.8,4.5,6.7,3.99,2.0,0,0,0,1,0,0,0.2696206464588846,-0.05096852144608735,-0.02269357128635926
8,3.2,10.8,5.0,6.78,2.79,2.0,0,0,0,1,0,0,-0.33473205565571296,-0.10581208681310156,0.5579325231646707
12,3.2,10.8,5.0,6.78,3.29,2.0,0,0,0,1,0,0,-0.6504965310424556,0.45726598255807915,-0.17599893086999785
8,0.8,5.0,5.0,6.78,1.99,2.0,0,0,0,1,0,0,-0.4535318668790933,-0.03779213009750093,0.7475682230800199
4,0.8,1.3,5.0,6.6,1.59,2.0,0,0,0,1,0,0,-0.0800146154968199,-0.2908026220352449,-0.0712014797258814
4,0.8,1.3,5.0,6.6,1.59,2.0,0,0,0,1,0,0,-0.0800146154968199,-0.2908026220352449,-0.0712014797258814
4,0.8,1.6,6.0,6.82,1.79,2.0,0,0,0,1,0,0,-0.4535318668790933,-0.03779213009750093,0.7475682230800199
8,0.8,5.0,5.0,6.78,2.39,2.0,0,0,0,1,0,0,-0.4380862416265888,0.22712647189420146,-0.14800683377994436
8,5.0,10.8,5.0,6.78,3.49,4.0,0,0,0,1,0,0,-0.6504965310424556,0.45726598255807915,-0.17599893086999785
12,5.0,10.8,5.0,6.78,3.79,4.0,0,0,0,1,0,0,-0.6504965310424556,0.45726598255807915,-0.17599893086999785
8,3.2,10.8,5.0,6.67,3.99,4.0,0,0,0,1,0,0,-0.6504965310424556,0.45726598255807915,-0.17599893086999785
6,0.8,1.3,5.0,6.82,1.79,2.0,0,0,0,1,0,0,-0.326810310876566,-0.10560381046053724,0.5356106203590908
4,0.8,1.3,6.0,6.82,1.59,2.0,0,0,0,1,0,0,-0.0800146154968199,-0.2908026220352449,-0.0712014797258814
8,0.8,5.0,5.0,6.6,1.99,2.0,0,0,0,1,0,0,-0.0800146154968199,-0.2908026220352449,-0.0712014797258814
4,0.8,1.3,5.0,6.6,1.39,1.0,0,0,0,1,0,0,-0.4535318668790933,-0.03779213009750093,0.7475682230800199
6,0.8,5.0,5.0,6.82,1.99,2.0,0,0,0,1,0,0,-0.326810310876566,-0.10560381046053724,0.5356106203590908
4,0.8,1.3,6.0,6.82,1.59,2.0,0,0,0,1,0,0,-0.4535318668790933,-0.03779213009750093,0.7475682230800199
8,0.8,5.0,5.0,6.78,2.19,2.0,0,0,0,1,0,0,-0.4535318668790933,-0.03779213009750093,0.7475682230800199
6,0.8,5.0,5.0,6.6,2.39,2.0,0,0,0,1,0,0,-0.4380862416265888,0.22712647189420146,-0.14800683377994436
4,0.8,1.3,5.0,6.6,1.39,1.0,0,0,0,1,0,0,-0.4535318668790933,-0.03779213009750093,0.7475682230800199
4,0.8,4.8,5.0,6.82,1.49,2.0,0,0,0,1,0,0,-0.4535318668790933,-0.03779213009750093,0.7475682230800199
6,0.8,4.8,6.0,6.82,1.69,2.0,0,0,0,1,0,0,-0.326810310876566,-0.10560381046053724,0.5356106203590908
6,0.8,4.8,6.0,6.82,1.79,2.0,0,0,0,1,0,0,-0.326810310876566,-0.10560381046053724,0.5356106203590908
3,0.8,1.3,5.0,6.6,1.09,1.0,0,0,0,1,0,0,-0.4535318668790933,-0.03779213009750093,0.7475682230800199
4,0.8,1.3,6.0,6.82,1.39,1.0,0,0,0,1,0,0,-0.4535318668790933,-0.03779213009750093,0.7475682230800199
4,0.8,1.3,5.2,6.6,1.59,2.0,0,0,0,1,0,0,-0.4535318668790933,-0.03779213009750093,0.7475682230800199
4,0.8,1.3,6.0,6.82,1.69,2.0,0,0,0,1,0,0,-0.4535318668790933,-0.03779213009750093,0.7475682230800199
6,0.8,5.0,5.0,6.78,1.89,2.0,0,0,0,1,0,0,-0.4535318668790933,-0.03779213009750093,0.7475682230800199
2,0.5,0.8,5.0,6.1,0.79,0.5,0,0,0,1,0,0,-0.4535318668790933,-0.03779213009750093,0.7475682230800199
6,0.8,4.8,5.2,6.78,1.99,2.0,0,0,0,1,0,0,-0.31211955717494955,-0.10511940246510525,0.4917734575256397
6,1.6,6.4,5.2,6.95,2.29,2.0,0,0,0,1,0,0,-0.31211955717494955,-0.10511940246510525,0.4917734575256397
8,1.6,4.8,4.5,6.85,2.49,2.0,0,0,0,1,0,0,-0.4535318668790933,-0.03779213009750093,0.7475682230800199
4,0.8,1.6,5.2,6.78,1.59,2.0,0,0,0,1,0,0,-0.4535318668790933,-0.03779213009750093,0.7475682230800199
8,4.8,6.4,4.5,6.85,2.79,2.0,0,0,0,1,0,0,-0.4535318668790933,-0.03779213009750093,0.7475682230800199
3,0.8,1.3,5.0,6.6,0.99,1.0,0,0,0,1,0,0,-0.4535318668790933,-0.03779213009750093,0.7475682230800199
4,0.8,4.8,3.75,6.5,2.19,2.0,0,1,0,0,0,0,-0.07706979082545704,-0.26369002749286763,-0.0627807621568269
8,3.2,4.0,4.0,6.53,4.49,2.0,0,1,0,0,0,0,-0.07090584580112834,-0.2528936107733146,-0.060092908889556804
8,3.2,5.0,4.0,6.57,5.99,2.0,0,1,0,0,0,0,-0.07090584580112834,-0.2528936107733146,-0.060092908889556804
12,3.2,5.0,4.0,6.57,6.99,2.0,0,1,0,0,0,0,-0.07090584580112834,-0.2528936107733146,-0.060092908889556804
6,1.6,6.4,4.0,6.5,3.49,2.0,0,1,0,0,0,0,-0.07090584580112834,-0.2528936107733146,-0.060092908889556804
6,1.6,4.0,4.3,6.63,3.19,2.0,0,1,0,0,0,0,-0.07090584580112834,-0.2528936107733146,-0.060092908889556804
8,0.8,4.8,5.0,7.09,3.79,2.0,0,1,0,0,0,0,-0.6504965310424556,0.45726598255807915,-0.17599893086999785
6,1.6,6.4,4.3,6.81,3.49,2.0,0,1,0,0,0,0,-0.6504965310424556,0.45726598255807915,-0.17599893086999785
8,3.2,4.0,4.2,6.57,5.49,2.0,0,1,0,0,0,0,-0.07090584580112834,-0.2528936107733146,-0.060092908889556804
4,0.8,4.8,5.0,6.67,2.29,2.0,0,1,0,0,0,0,-0.07706979082545704,-0.26369002749286763,-0.0627807621568269
8,1.6,5.0,4.0,6.72,5.99,2.0,0,1,0,0,0,0,-0.6504965310424556,0.45726598255807915,-0.17599893086999785
8,3.2,10.8,4.3,6.57,5.49,2.0,0,1,0,0,0,0,0.2696206464588846,-0.05096852144608735,-0.02269357128635926
8,3.2,10.8,4.0,6.72,6.49,2.0,0,1,0,0,0,0,0.2696206464588846,-0.05096852144608735,-0.02269357128635926
8,1.6,10.8,4.0,6.78,4.49,2.0,0,1,0,0,0,0,-0.40588979028898686,0.18866172047742488,-0.1421812509209951
6,1.6,6.4,4.3,6.67,3.79,2.0,0,1,0,0,0,0,-0.40588979028898686,0.18866172047742488,-0.1421812509209951
6,1.6,6.4,4.0,6.6,2.99,2.0,0,1,0,0,0,0,-0.4085105549335135,0.19315510392000437,-0.1328781372765775
8,1.6,6.4,3.8,6.53,3.19,2.0,0,1,0,0,0,0,-0.6504965310424556,0.45726598255807915,-0.17599893086999785
6,0.8,1.3,5.0,6.5,2.19,2.0,0,1,0,0,0,0,-0.0800146154968199,-0.2908026220352449,-0.0712014797258814
8,1.3,5.0,4.6,6.76,8.99,2.0,0,1,0,0,0,0,0.25460289014717097,-0.053715214812864676,-0.022411438155122164
8,1.3,5.0,4.6,6.76,10.99,2.0,0,1,0,0,0,0,0.25460289014717097,-0.053715214812864676,-0.022411438155122164
12,1.3,5.0,4.6,6.76,12.99,2.0,0,1,0,0,0,0,0.25460289014717097,-0.053715214812864676,-0.022411438155122164
8,3.2,10.8,4.8,6.67,5.49,2.0,0,1,0,0,0,0,0.2696206464588846,-0.05096852144608735,-0.02269357128635926
8,5.0,10.8,4.8,6.78,6.49,2.0,0,1,0,0,0,0,0.2696206464588846,-0.05096852144608735,-0.02269357128635926
8,1.6,6.4,4.3,6.67,4.49,2.0,0,1,0,0,0,0,-0.40588979028898686,0.18866172047742488,-0.1421812509209951
6,1.6,4.8,4.8,6.81,3.79,2.0,0,1,0,0,0,0,0.2933975629234231,-0.046452065306371915,-0.023520840764468254
6,1.6,4.8,4.0,6.7,2.99,2.0,0,1,0,0,0,0,-0.4380862416265888,0.22712647189420146,-0.14800683377994436
8,0.8,6.4,5.0,7.09,4.99,2.0,0,1,0,0,0,0,-0.40588979028898686,0.18866172047742488,-0.1421812509209951
6,0.5,1.3,5.0,6.52,1.79,2.0,0,1,0,0,0,0,-0.4535318668790933,-0.03779213009750093,0.7475682230800199
6,0.5,1.3,5.0,6.74,2.29,2.0,0,1,0,0,0,0,-0.4085105549335135,0.19315510392000437,-0.1328781372765775
8,1.2,5.0,4.8,6.81,8.99,2.0,0,1,0,0,0,0,0.5992108286198022,0.18236486297872093,0.030919088388187195
8,1.2,5.0,4.6,6.81,10.99,2.0,0,1,0,0,0,0,0.5992108286198022,0.18236486297872093,0.030919088388187195
12,1.2,5.0,4.6,6.81,12.99,2.0,0,1,0,0,0,0,0.5992108286198022,0.18236486297872093,0.030919088388187195
12,4.2,5.0,4.75,7.9,17.99,2.0,0,1,0,0,0,0,0.5992108286198022,0.18236486297872093,0.030919088388187195
8,3.2,5.4,4.8,6.67,5.49,2.0,0,1,0,0,0,0,0.2696206464588846,-0.05096852144608735,-0.02269357128635926
8,5.0,5.4,4.5,6.78,6.99,2.0,0,1,0,0,0,0,-0.6504965310424556,0.45726598255807915,-0.17599893086999785
12,5.0,5.4,4.5,6.78,7.99,2.0,0,1,0,0,0,0,-0.4013013722895371,0.18285049029297487,-0.13337756658626748
6,0.8,5.0,5.1,6.67,2.99,2.0,0,1,0,0,0,0,0.2933975629234231,-0.046452065306371915,-0.023520840764468254
6,0.8,5.0,4.0,6.7,2.79,2.0,0,1,0,0,0,0,-0.4085105549335135,0.19315510392000437,-0.1328781372765775
4,0.5,1.3,5.2,6.74,1.59,2.0,0,1,0,0,0,0,-0.4535318668790933,-0.03779213009750093,0.7475682230800199
6,0.5,1.3,5.2,6.74,1.99,2.0,0,1,0,0,0,0,-0.6504965310424556,0.45726598255807915,-0.17599893086999785
8,1.2,5.0,5.1,6.81,9.99,2.0,0,1,0,0,0,0,0.5992108286198022,0.18236486297872093,0.030919088388187195
12,1.2,5.0,5.1,6.81,11.99,2.0,0,1,0,0,0,0,0.5992108286198022,0.18236486297872093,0.030919088388187195
16,1.2,5.0,5.45,6.81,13.99,2.0,0,1,0,0,0,0,0.5992108286198022,0.18236486297872093,0.030919088388187195
12,1.6,5.0,5.0,7.9,16.99,2.0,0,1,0,0,0,0,0.5992108286198022,0.18236486297872093,0.030919088388187195
8,3.2,16.0,4.8,6.67,5.49,2.0,0,1,0,0,0,0,0.4586492061013163,0.050974891372104675,-0.004843653757331694
12,5.0,16.0,4.8,6.78,7.99,2.0,0,1,0,0,0,0,0.5992108286198022,0.18236486297872093,0.030919088388187195
8,3.2,6.4,4.6,6.67,3.99,2.0,0,1,0,0,0,0,-0.40588979028898686,0.18866172047742488,-0.1421812509209951
6,0.8,10.8,5.8,6.78,2.99,2.0,0,1,0,0,0,0,0.5992108286198022,0.18236486297872093,0.030919088388187195
6,0.8,10.0,4.5,6.7,2.49,2.0,0,1,0,0,0,0,-0.6504965310424556,0.45726598255807915,-0.17599893086999785
4,0.5,1.3,5.0,6.52,1.49,2.0,0,1,0,0,0,0,-0.4535318668790933,-0.03779213009750093,0.7475682230800199
6,0.5,5.0,5.2,6.74,1.89,2.0,0,1,0,0,0,0,-0.6504965310424556,0.45726598255807915,-0.17599893086999785
8,1.2,5.0,5.2,6.81,10.99,2.0,0,1,0,0,0,0,0.5992108286198022,0.18236486297872093,0.030919088388187195
12,1.2,5.0,5.5,6.81,12.99,2.0,0,1,0,0,0,0,0.5992108286198022,0.18236486297872093,0.030919088388187195
16,1.2,5.0,5.55,6.81,14.99,2.0,0,1,0,0,0,0,0.5992108286198022,0.18236486297872093,0.030919088388187195
12,1.6,5.0,5.0,7.92,18.99,2.0,0,1,0,0,0,0,0.5992108286198022,0.18236486297872093,0.030919088388187195
12,5.0,20.0,5.0,6.7,5.99,2.0,0,1,0,0,0,0,0.5992108286198022,0.18236486297872093,0.030919088388187195
12,5.0,20.0,5.0,6.78,6.99,2.0,0,1,0,0,0,0,0.5992108286198022,0.18236486297872093,0.030919088388187195
8,3.2,6.4,4.6,6.67,3.99,2.0,0,1,0,0,0,0,-0.40588979028898686,0.18866172047742488,-0.1421812509209951
6,0.8,10.8,5.8,6.78,2.99,2.0,0,1,0,0,0,0,0.5992108286198022,0.18236486297872093,0.030919088388187195
6,0.8,10.0,4.5,6.7,2.49,2.0,0,1,0,0,0,0,-0.6504965310424556,0.45726598255807915,-0.17599893086999785
4,0.5,1.3,5.0,6.52,1.49,2.0,0,1,0,0,0,0,-0.4535318668790933,-0.03779213009750093,0.7475682230800199
6,0.5,5.0,5.2,6.74,1.89,2.0,0,1,0,0,0,0,-0.6504965310424556,0.45726598255807915,-0.17599893086999785
8,1.2,5.0,5.2,6.81,10.99,2.0,0,1,0,0,0,0,0.5992108286198022,0.18236486297872093,0.030919088388187195
12,1.2,5.0,5.5,6.81,12.99,2.0,0,1,0,0,0,0,0.5992108286198022,0.18236486297872093,0.030919088388187195
16,1.2,5.0,5.55,6.81,14.99,2.0,0,1,0,0,0,0,0.5992108286198022,0.18236486297872093,0.030919088388187195
12,1.6,5.0,5.0,7.92,18.99,2.0,0,1,0,0,0,0,0.5992108286198022,0.18236486297872093,0.030919088388187195
4,0.2,0.5,5.1,10.1,1.99,2.0,0,1,0,0,0,0,0.4586492061013163,0.050974891372104675,-0.004843653757331694
3,0.2,0.5,5.1,9.7,1.59,2.0,0,1,0,0,0,0,-0.48368734997030016,0.14917166276589564,0.300824765357901
4,0.2,0.5,5.1,10.1,2.29,2.0,0,1,0,0,0,0,-0.31211955717494955,-0.10511940246510525,0.4917734575256397
6,0.8,1.3,7.25,10.4,3.99,2.0,0,1,0,0,0,0,-0.6504965310424556,0.45726598255807915,-0.17599893086999785
8,0.8,1.3,7.25,11.0,4.99,2.0,0,1,0,0,0,0,-0.6504965310424556,0.45726598255807915,-0.17599893086999785
6,0.5,0.5,7.25,12.0,2.99,2.0,0,1,0,0,0,0,0.4586492061013163,0.050974891372104675,-0.004843653757331694
4,0.2,0.5,5.1,10.1,1.89,2.0,0,1,0,0,0,0,-0.31211955717494955,-0.10511940246510525,0.4917734575256397
3,0.2,0.5,5.0,9.7,1.49,2.0,0,1,0,0,0,0,-0.48368734997030016,0.14917166276589564,0.300824765357901
6,0.5,1.3,7.25,11.0,4.49,2.0,0,1,0,0,0,0,-0.6504965310424556,0.45726598255807915,-0.17599893086999785
8,0.8,1.3,8.5,12.1,6.49,2.0,0,1,0,0,0,0,-0.4013013722895371,0.18285049029297487,-0.13337756658626748
8,0.8,1.3,8.3,12.1,3.99,2.0,0,1,0,0,0,0,0.5992108286198022,0.18236486297872093,0.030919088388187195
12,0.8,1.3,9.0,12.6,4.99,2.0,0,1,0,0,0,0,-0.6504965310424556,0.45726598255807915,-0.17599893086999785
6,0.5,0.8,7.25,11.5,2.99,2.0,0,1,0,0,0,0,0.4586492061013163,0.050974891372104675,-0.004843653757331694
4,0.2,0.5,5.1,10.1,1.89,2.0,0,1,0,0,0,0,-0.31211955717494955,-0.10511940246510525,0.4917734575256397
12,0.8,1.3,10.0,13.0,7.99,2.0,0,1,0,0,0,0,0.5992108286198022,0.18236486297872093,0.030919088388187195
16,1.2,1.6,10.5,13.2,8.99,2.0,0,1,0,0,0,0,0.5992108286198022,0.18236486297872093,0.030919088388187195
4,0.2,0.5,5.0,9.7,1.49,2.0,0,1,0,0,0,0,-0.48368734997030016,0.14917166276589564,0.300824765357901
3,0.2,0.5,5.1,9.7,1.29,2.0,0,1,0,0,0,0,-0.48368734997030016,0.14917166276589564,0.300824765357901
8,0.8,1.3,8.0,11.6,3.99,2.0,0,1,0,0,0,0,0.4118426412134937,0.07795142248980544,0.010965894435363797
8,0.8,1.3,8.5,12.1,6.49,2.0,0,1,0,0,0,0,-0.4013013722895371,0.18285049029297487,-0.13337756658626748
12,1.2,1.6,10.5,13.5,9.99,2.0,0,1,0,0,0,0,0.5992108286198022,0.18236486297872093,0.030919088388187195
6,0.5,0.8,8.85,12.1,3.99,2.0,0,1,0,0,0,0,0.4586492061013163,0.050974891372104675,-0.004843653757331694
8,0.8,1.3,9.0,12.6,4.99,2.0,0,1,0,0,0,0,0.4118426412134937,0.07795142248980544,0.010965894435363797
12,1.2,1.6,10.5,13.0,7.99,2.0,0,1,0,0,0,0,0.5992108286198022,0.18236486297872093,0.030919088388187195
8,0.8,1.3,8.5,12.1,6.49,2.0,0,1,0,0,0,0,-0.4013013722895371,0.18285049029297487,-0.13337756658626748
6,2.0,6.4,4.7,6.67,4.99,2.0,0,0,0,1,0,0,0.5578698922083575,0.13265038313635688,0.017037388915349352
4,1.6,4.8,5.0,6.67,1.99,1.0,0,0,0,1,0,0,0.5578698922083575,0.13265038313635688,0.017037388915349352
6,2.0,6.4,5.16,6.67,2.29,2.0,0,0,0,1,0,0,0.5578698922083575,0.13265038313635688,0.017037388915349352
4,0.8,4.8,6.0,6.53,1.49,1.0,0,0,0,1,0,0,0.5578698922083575,0.13265038313635688,0.017037388915349352
6,2.0,4.8,4.52,6.67,3.49,2.0,0,0,0,1,0,0,0.5578698922083575,0.13265038313635688,0.017037388915349352
6,2.0,4.8,5.16,6.67,2.49,2.0,0,0,0,1,0,0,0.5578698922083575,0.13265038313635688,0.017037388915349352
4,0.8,4.8,5.0,6.5,1.99,1.0,0,0,0,1,0,0,-0.4085105549335135,0.19315510392000437,-0.1328781372765775
6,1.6,6.4,5.065,6.67,3.99,2.0,0,0,0,1,0,0,-0.40641532915809475,0.189565605024851,-0.14030754062292286
6,1.6,6.4,5.0,6.6,2.79,2.0,0,0,0,1,0,0,-0.6504965310424556,0.45726598255807915,-0.17599893086999785
4,1.6,5.0,5.0,6.6,2.19,2.0,0,0,0,1,0,0,-0.4380862416265888,0.22712647189420146,-0.14800683377994436
6,2.0,6.4,4.5,6.67,3.49,2.0,0,0,0,1,0,0,0.5578698922083575,0.13265038313635688,0.017037388915349352
8,2.0,6.4,4.7,6.67,4.99,2.0,0,0,0,1,0,0,0.6284119102491342,0.24237076471910088,0.051308376900982756
6,1.6,10.8,5.0,6.67,2.99,2.0,0,0,0,1,0,0,0.21645509852541608,-0.06898462745365741,-0.023635660832013065
6,1.6,6.4,5.0,6.43,2.19,2.0,0,0,0,1,0,0,-0.4535318668790933,-0.03779213009750093,0.7475682230800199
4,0.5,5.0,5.0,6.58,1.99,2.0,0,0,0,1,0,0,-0.33473205565571296,-0.10581208681310156,0.5579325231646707
4,1.3,6.4,5.0,6.43,2.29,2.0,0,0,0,1,0,0,-0.4535318668790933,-0.03779213009750093,0.7475682230800199
6,1.6,6.4,5.0,6.67,3.49,2.0,0,0,0,1,0,0,0.6284119102491342,0.24237076471910088,0.051308376900982756
8,2.0,6.4,5.16,6.67,4.99,4.0,0,0,0,1,0,0,0.6284119102491342,0.24237076471910088,0.051308376900982756
6,1.3,4.8,5.0,6.67,2.79,2.0,0,0,0,1,0,0,0.21645509852541608,-0.06898462745365741,-0.023635660832013065
6,1.6,10.8,5.0,6.67,3.29,2.0,0,0,0,1,0,0,0.19006282724007814,-0.07405568277592912,-0.022780101545811532
4,0.8,5.0,5.0,6.58,1.99,1.0,0,0,0,1,0,0,-0.4535318668790933,-0.03779213009750093,0.7475682230800199
6,0.8,5.0,5.0,6.79,2.19,2.0,0,0,0,1,0,0,0.6284119102491342,0.24237076471910088,0.051308376900982756
6,1.6,6.4,5.0,6.67,3.49,2.0,0,0,0,1,0,0,-0.6504965310424556,0.45726598255807915,-0.17599893086999785
8,2.0,10.8,5.0,6.67,3.99,4.0,0,0,0,1,0,0,-0.6504965310424556,0.45726598255807915,-0.17599893086999785
6,2.0,6.4,5.0,6.67,4.49,2.0,0,0,0,1,0,0,0.6284119102491342,0.24237076471910088,0.051308376900982756
8,2.0,10.8,5.16,6.67,5.49,4.0,0,0,0,1,0,0,0.6284119102491342,0.24237076471910088,0.051308376900982756
4,0.5,5.0,5.0,6.5,1.49,1.0,0,0,0,1,0,0,-0.326810310876566,-0.10560381046053724,0.5356106203590908
6,1.6,6.4,5.0,6.67,3.29,2.0,0,0,0,1,0,0,-0.403869282934869,0.18800436704057025,-0.13070889688992313
8,2.0,10.8,6.0,6.67,3.99,4.0,0,0,0,1,0,0,-0.6504965310424556,0.45726598255807915,-0.17599893086999785
6,0.8,5.0,5.11,6.67,2.29,2.0,0,0,0,1,0,0,-0.6504965310424556,0.45726598255807915,-0.17599893086999785
8,0.8,0.8,10.0,12.1,2.8,2.0,0,0,0,1,0,0,0.35521831650262725,0.07205704852433145,0.01485946050209587
8,0.8,0.8,10.0,12.1,3.0,4.0,0,0,0,1,0,0,0.35521831650262725,0.07205704852433145,0.01485946050209587
12,1.0,5.0,4.4,7.6,18.99,4.0,0,0,0,0,1,0,0.6284119102491342,0.24237076471910088,0.051308376900982756
12,1.0,5.0,4.4,7.6,17.19,8.0,0,0,0,0,1,0,0.6284119102491342,0.24237076471910088,0.051308376900982756
